catalog_id	name	current_disposition	closure_class	source_grade	target_disposition	recommended_package	authoritative_or_best_evidence	required_closure
ENC-0010	ALCOR	research_candidate	candidate_concrete_primary_or_profile_missing	B concrete codec; authoritative full mapping/profile missing	catalog_reclassification	iconvex_specs	https://en.wikipedia.org/wiki/ALCOR	Retain research_candidate until a complete authoritative mapping and exact version/transport are pinned; no tertiary-table implementation.
ENC-0023	Apple I character set	research_candidate	candidate_concrete_primary_or_profile_missing	B concrete codec; authoritative full mapping/profile missing	catalog_reclassification	iconvex_specs	https://en.wikipedia.org/wiki/Apple_I_character_set	Retain research_candidate until a complete authoritative mapping and exact version/transport are pinned; no tertiary-table implementation.
ENC-0027	ARIB STD B24 character set	codec_gap	gap_concrete_primary_missing	B concrete codec; authoritative full mapping/profile missing	retain_unimplemented_blocker	iconvex_telecom	https://www.wikidata.org/wiki/Q39087152 | https://en.wikipedia.org/wiki/ARIB_STD_B24_character_set	ARIB STD-B24 is versioned/profiled and the latest complete official standard is not freely available; sample PDFs are insufficient. Do not implement from a tertiary chart. First pin a complete authoritative mapping, byte/state serialization, version, undefined-byte behavior and licensing.
ENC-0035	Bangladesh Standard Code for Information Interchange	research_candidate	candidate_probable_alias_or_duplicate	C probable alias/duplicate; identity proof required	resolve_identity_then_alias_or_implement	iconvex_specs	https://en.wikipedia.org/wiki/Bangladesh_Standard_Code_for_Information_Interchange	Do not conflate BDS 1520 Unicode repertoire with BDS 1934/1935 BSCII transport. Do not alias yet. Resolve exact revision/profile and prove complete table/state equality; otherwise retain a distinct candidate.
ENC-0043	BCD (character encoding)	research_candidate	candidate_family_split_or_exact_repertoire_no_transport	D family/repertoire; split exact transported children	family_or_repertoire_metadata; implement_named_transported_children_only	iconvex_specs	https://en.wikipedia.org/wiki/BCD_%28character_encoding%29	Keep as family/repertoire metadata and enumerate exact children. Only children with a normative byte/state transport become codecs.
ENC-0067	Bitstream International Character Set	codec_gap	gap_blocked_non_octet_and_incomplete_unicode_binding	B1 secondary two-byte chart with unresolved non-Unicode glyphs	retain_unimplemented_blocker	iconvex_specs	https://en.wikipedia.org/w/index.php?oldid=1281909572 (wikitext SHA-256 d4d327400fecdaa4ce3cb2f74369c893c6921774b9255aa835aebe5e28ddb636; 00/01-prefixed two-byte chart with unmapped and non-Unicode glyphs) | https://tho-otto.de/hypview/hypview.cgi?charset=UTF-8&index=867&url=%2Fhyp%2Fcompend.hyp | repo:iconvex_specs/priv/sources/secondary-source-qualified-single-byte/BLOCKERS.md	Do not implement BICS as a single-byte codec or invent replacement/private-use mappings. Pin a primary BICS framing specification and an explicit content-qualified Unicode policy for every non-Unicode glyph before registering a versioned two-byte profile.
ENC-0071	Box-drawing characters	research_candidate	candidate_noncodec_reclass	R reclassify non-codec	repertoire_abstraction (box-drawing characters)	catalog-only	https://en.wikipedia.org/wiki/Box-drawing_characters	Change catalog disposition to the named non-codec concept; exclude from codec-support totals.
ENC-0072	Braille	research_candidate	candidate_noncodec_reclass	R reclassify non-codec	writing_system (Braille)	catalog-only	https://en.wikipedia.org/wiki/Braille	Change catalog disposition to the named non-codec concept; exclude from codec-support totals.
ENC-0080	BSCII	research_candidate	candidate_probable_alias_or_duplicate	C probable alias/duplicate; identity proof required	resolve_identity_then_alias_or_implement	iconvex_specs	https://en.wikipedia.org/wiki/BSCII	Do not conflate BDS 1520 Unicode repertoire with BDS 1934/1935 BSCII transport. Do not alias yet. Resolve exact revision/profile and prove complete table/state equality; otherwise retain a distinct candidate.
ENC-0084	Caret notation	research_candidate	candidate_noncodec_reclass	R reclassify non-codec	text_transform (caret notation)	catalog-only	https://en.wikipedia.org/wiki/Caret_notation	Change catalog disposition to the named non-codec concept; exclude from codec-support totals.
ENC-0091	CDC punched-card BCD	codec_gap	gap_generic_ambiguous_profile_already_source_qualified	C generic identity ambiguous; exact children exist	retain_generic_gap_and_link_exact_children	iconvex_specs	https://homepage.cs.uiowa.edu/~jones/cards/codes.html	Retain the generic gap unless a primary source proves one generic identity. The exact secondary reconstruction is implemented separately as BCD-CDC-IOWA with exhaustive source-qualified tests.
ENC-0095	CER-GS	research_candidate	candidate_blocked_contradictory_published_mapping	B1 published source-qualified table is internally contradictory	retain_unimplemented_blocker	iconvex_specs	https://www.evertype.com/standards/mappings/pc/CERGS.TXT (SHA-256 9aece7742b4fc70f6047f888815efc1f21f08b521c03e07ed96e91b50fc25f36); repo:iconvex_specs/priv/sources/ambiguous-primary-codecs/BLOCKERS.md	Do not implement until the publisher supplies a corrected byte-unique revision or authoritative erratum resolving all duplicate byte assignments and the 8F/BF conflict.
ENC-0102	Chinese Character Code for Information Interchange	codec_gap	gap_exact_repertoire_no_transport_or_version	D exact repertoire/property but no unique transport/version	family_or_repertoire_metadata; implement_named_transported_children_only	iconvex_specs	https://www.wikidata.org/wiki/Q1073697 | https://en.wikipedia.org/wiki/Chinese_Character_Code_for_Information_Interchange	MARC-8 already contains the complete LOC EACC component repertoire; generic CCCII/EACC still needs an exact transport/profile identity. Treat as repertoire/profile metadata until a normative serialized transport and exact version are pinned; implement only explicitly named transported children.
ENC-0111	Chinese telegraph code	codec_gap	gap_exact_repertoire_no_transport_or_version	D exact repertoire/property but no unique transport/version	family_or_repertoire_metadata; implement_named_transported_children_only	iconvex_telecom	https://www.wikidata.org/wiki/Q5100952 | https://en.wikipedia.org/wiki/List_of_information_system_character_sets | https://en.wikipedia.org/wiki/Chinese_telegraph_code	Treat as repertoire/profile metadata until a normative serialized transport and exact version are pinned; implement only explicitly named transported children.
ENC-0112	CJK characters	research_candidate	candidate_noncodec_reclass	R reclassify non-codec	repertoire_abstraction (CJK characters)	catalog-only	https://en.wikipedia.org/wiki/CJK_characters	Change catalog disposition to the named non-codec concept; exclude from codec-support totals.
ENC-0113	CJK Unified Ideographs	research_candidate	candidate_noncodec_reclass	R reclassify non-codec	repertoire_profile (CJK Unified Ideographs)	catalog-only	https://en.wikipedia.org/wiki/CJK_Unified_Ideographs	Change catalog disposition to the named non-codec concept; exclude from codec-support totals.
ENC-0114	Cluff–Foster–Idelson code	research_candidate	candidate_concrete_primary_or_profile_missing	B concrete codec; authoritative full mapping/profile missing	catalog_reclassification	iconvex_specs	https://en.wikipedia.org/wiki/Cluff%E2%80%93Foster%E2%80%93Idelson_code	Retain research_candidate until a complete authoritative mapping and exact version/transport are pinned; no tertiary-table implementation.
ENC-0115	Code page 0	research_candidate	candidate_noncodec_reclass	R reclassify non-codec	control_value/selector (CP0)	catalog-only	https://en.wikipedia.org/wiki/Code_page_0	Change catalog disposition to the named non-codec concept; exclude from codec-support totals.
ENC-0141	Code page 1036	research_candidate	candidate_probable_alias_or_duplicate	C probable alias/duplicate; identity proof required	resolve_identity_then_alias_or_implement	iconvex_specs	https://en.wikipedia.org/wiki/Code_page_1036	Do not alias yet. Resolve exact revision/profile and prove complete table/state equality; otherwise retain a distinct candidate.
ENC-0142	Code page 1038	research_candidate	candidate_probable_alias_or_duplicate	C probable alias/duplicate; identity proof required	resolve_identity_then_alias_or_implement	iconvex_specs	https://en.wikipedia.org/wiki/Code_page_1038	Do not alias yet. Resolve exact revision/profile and prove complete table/state equality; otherwise retain a distinct candidate.
ENC-0147	Code page 1050	research_candidate	candidate_blocked_missing_exact_primary_artifact	B1 primary description without pinned table	blocked_missing_primary_artifact	iconvex_specs	HP Roman Extension is described in HP/IBM documentation, but no exact versioned byte table or artifact URL has been pinned	Locate and pin the exact primary artifact and profile before deriving any byte-to-Unicode table; a family description is not sufficient.
ENC-0149	Code page 1058	research_candidate	candidate_blocked_incomplete_primary_unicode_binding	B1 primary byte-to-GCGID grid; exact Unicode binding incomplete	retain_unimplemented_blocker	iconvex_specs	repo:iconvex_specs/priv/sources/ambiguous-primary-codecs/CP01058.pdf (SHA-256 c806982963594a77a3f1484592fae738fcf95e8531a419e9205d187287468b36); repo:iconvex_specs/priv/sources/ambiguous-primary-codecs/BLOCKERS.md	Do not implement until an authoritative IBM converter or GCGID-to-Unicode source resolves eight unbound GCGIDs plus SM910000; do not substitute the related PC8 Danish/Norwegian profile.
ENC-0151	Code page 1090	research_candidate	candidate_existing_alias_or_family_complete	A0 closure via existing canonical implementation/family	alias_or_family_link -> DEC-SPECIAL	iconvex core registry	https://en.wikipedia.org/wiki/Code_page_1090	Close by registering a proven alias or documenting the already complete versioned family; add alias-equivalence tests and inventory linkage, not a duplicate codec. Canonical target: DEC-SPECIAL.
ENC-0152	Code page 1093	research_candidate	candidate_concrete_primary_or_profile_missing	B concrete codec; authoritative full mapping/profile missing	catalog_reclassification	iconvex_specs	https://en.wikipedia.org/wiki/Code_page_1093	Retain research_candidate until a complete authoritative mapping and exact version/transport are pinned; no tertiary-table implementation.
ENC-0162	Code page 1111	research_candidate	candidate_existing_alias_or_family_complete	A0 closure via existing canonical implementation/family	alias_or_family_link -> ISO-8859-2	iconvex core registry	https://en.wikipedia.org/wiki/Code_page_1111	Close by registering a proven alias or documenting the already complete versioned family; add alias-equivalence tests and inventory linkage, not a duplicate codec. Canonical target: ISO-8859-2.
ENC-0165	Code page 1116	codec_gap	gap_generic_ambiguous_profile_already_source_qualified	C generic identity ambiguous; exact children exist	retain_generic_gap_and_link_exact_children	iconvex_specs	https://www.wikidata.org/wiki/Q96375205 | https://en.wikipedia.org/wiki/Code_page_1116	Generic CP1116 is ambiguous; existing exact child IBM-1116-850-P100-COMPOSITE. Keep the generic row unresolved; link it to the already implemented source-qualified composite profiles and never silently alias the generic number.
ENC-0166	Code page 1117	codec_gap	gap_generic_ambiguous_profile_already_source_qualified	C generic identity ambiguous; exact children exist	retain_generic_gap_and_link_exact_children	iconvex_specs	https://www.wikidata.org/wiki/Q17510261 | https://en.wikipedia.org/wiki/Code_page_1117	Generic CP1117 is ambiguous; existing exact child IBM-1117-437-P100-COMPOSITE. Keep the generic row unresolved; link it to the already implemented source-qualified composite profiles and never silently alias the generic number.
ENC-0167	Code page 1118	research_candidate	candidate_blocked_ambiguous_text_vs_graphic_profile	B1 primary graphic GCGID grid; exact text-converter identity unresolved	retain_unimplemented_blocker	iconvex_specs	repo:iconvex_specs/priv/sources/ambiguous-primary-codecs/CP01118.pdf (SHA-256 360ca9a155ef35171365d943b38faaa2ca553b0252e41261cd0f1b387d7940e9); repo:iconvex_specs/priv/sources/ambiguous-primary-codecs/BLOCKERS.md	Do not implement generic CP1118 until an exact IBM/LST1283 converter mapping resolves EF, FA, SM910000, and C0/DEL semantics; CP774 remains a separate related text profile.
ENC-0175	Code page 1200	research_candidate	candidate_existing_alias_or_family_complete	A0 closure via existing canonical implementation/family	alias_or_family_link -> UTF-16LE	iconvex core registry	https://en.wikipedia.org/wiki/Code_page_1200	Close by registering a proven alias or documenting the already complete versioned family; add alias-equivalence tests and inventory linkage, not a duplicate codec. Canonical target: UTF-16LE.
ENC-0176	Code page 12000	research_candidate	candidate_existing_alias_or_family_complete	A0 closure via existing canonical implementation/family	alias_or_family_link -> UTF-32LE	iconvex core registry	https://en.wikipedia.org/wiki/Code_page_12000	Close by registering a proven alias or documenting the already complete versioned family; add alias-equivalence tests and inventory linkage, not a duplicate codec. Canonical target: UTF-32LE.
ENC-0182	Code page 165	research_candidate	candidate_existing_alias_or_family_complete	A0 closure via existing canonical implementation/family	alias_or_family_link -> CP864	iconvex core registry	https://en.wikipedia.org/wiki/Code_page_165	Close by registering a proven alias or documenting the already complete versioned family; add alias-equivalence tests and inventory linkage, not a duplicate codec. Canonical target: CP864.
ENC-0201	Code page 28600	research_candidate	candidate_existing_alias_or_family_complete	A0 closure via existing canonical implementation/family	alias_or_family_link -> ISO-8859-10	iconvex core registry	https://en.wikipedia.org/wiki/Code_page_28600	Close by registering a proven alias or documenting the already complete versioned family; add alias-equivalence tests and inventory linkage, not a duplicate codec. Canonical target: ISO-8859-10.
ENC-0202	Code page 28601	research_candidate	candidate_existing_alias_or_family_complete	A0 closure via existing canonical implementation/family	alias_or_family_link -> ISO-8859-11	iconvex core registry	https://en.wikipedia.org/wiki/Code_page_28601	Close by registering a proven alias or documenting the already complete versioned family; add alias-equivalence tests and inventory linkage, not a duplicate codec. Canonical target: ISO-8859-11.
ENC-0203	Code page 28602	research_candidate	candidate_noncodec_reclass	R reclassify non-codec	withdrawn_unassigned_part (ISO-8859-12)	catalog-only	https://en.wikipedia.org/wiki/Code_page_28602	Change catalog disposition to the named non-codec concept; exclude from codec-support totals.
ENC-0205	Code page 28604	research_candidate	candidate_existing_alias_or_family_complete	A0 closure via existing canonical implementation/family	alias_or_family_link -> ISO-8859-14	iconvex core registry	https://en.wikipedia.org/wiki/Code_page_28604	Close by registering a proven alias or documenting the already complete versioned family; add alias-equivalence tests and inventory linkage, not a duplicate codec. Canonical target: ISO-8859-14.
ENC-0207	Code page 28606	research_candidate	candidate_existing_alias_or_family_complete	A0 closure via existing canonical implementation/family	alias_or_family_link -> ISO-8859-16	iconvex core registry	https://en.wikipedia.org/wiki/Code_page_28606	Close by registering a proven alias or documenting the already complete versioned family; add alias-equivalence tests and inventory linkage, not a duplicate codec. Canonical target: ISO-8859-16.
ENC-0209	Code page 310	codec_gap	gap_generic_ambiguous_profile_already_source_qualified	C generic identity ambiguous; exact children exist	retain_generic_gap_and_link_exact_children	iconvex_specs	https://www.wikidata.org/wiki/Q55607840 | https://en.wikipedia.org/wiki/Code_page_310	Generic CP310 conflates profiles; existing exact children IBM-310-293-P100-COMPOSITE-VPUA and IBM-TNZ-CP310-B1EAE3C. Keep the generic row unresolved; link it to the already implemented source-qualified composite profiles and never silently alias the generic number.
ENC-0210	Code page 351	research_candidate	candidate_concrete_primary_or_profile_missing	B concrete codec; authoritative full mapping/profile missing	catalog_reclassification	iconvex_specs	https://en.wikipedia.org/wiki/Code_page_351	Retain research_candidate until a complete authoritative mapping and exact version/transport are pinned; no tertiary-table implementation.
ENC-0211	Code page 353	research_candidate	candidate_concrete_primary_or_profile_missing	B concrete codec; authoritative full mapping/profile missing	catalog_reclassification	iconvex_specs	https://en.wikipedia.org/wiki/Code_page_353	Retain research_candidate until a complete authoritative mapping and exact version/transport are pinned; no tertiary-table implementation.
ENC-0212	Code page 354	research_candidate	candidate_concrete_primary_or_profile_missing	B concrete codec; authoritative full mapping/profile missing	catalog_reclassification	iconvex_specs	https://en.wikipedia.org/wiki/Code_page_354	Retain research_candidate until a complete authoritative mapping and exact version/transport are pinned; no tertiary-table implementation.
ENC-0213	Code page 355	research_candidate	candidate_concrete_primary_or_profile_missing	B concrete codec; authoritative full mapping/profile missing	catalog_reclassification	iconvex_specs	https://en.wikipedia.org/wiki/Code_page_355	Retain research_candidate until a complete authoritative mapping and exact version/transport are pinned; no tertiary-table implementation.
ENC-0214	Code page 357	research_candidate	candidate_concrete_primary_or_profile_missing	B concrete codec; authoritative full mapping/profile missing	catalog_reclassification	iconvex_specs	https://en.wikipedia.org/wiki/Code_page_357	Retain research_candidate until a complete authoritative mapping and exact version/transport are pinned; no tertiary-table implementation.
ENC-0215	Code page 358	research_candidate	candidate_concrete_primary_or_profile_missing	B concrete codec; authoritative full mapping/profile missing	catalog_reclassification	iconvex_specs	https://en.wikipedia.org/wiki/Code_page_358	Retain research_candidate until a complete authoritative mapping and exact version/transport are pinned; no tertiary-table implementation.
ENC-0216	Code page 359	research_candidate	candidate_concrete_primary_or_profile_missing	B concrete codec; authoritative full mapping/profile missing	catalog_reclassification	iconvex_specs	https://en.wikipedia.org/wiki/Code_page_359	Retain research_candidate until a complete authoritative mapping and exact version/transport are pinned; no tertiary-table implementation.
ENC-0217	Code page 360	research_candidate	candidate_concrete_primary_or_profile_missing	B concrete codec; authoritative full mapping/profile missing	catalog_reclassification	iconvex_specs	https://en.wikipedia.org/wiki/Code_page_360	Retain research_candidate until a complete authoritative mapping and exact version/transport are pinned; no tertiary-table implementation.
ENC-0219	Code page 38596	research_candidate	candidate_existing_alias_or_family_complete	A0 closure via existing canonical implementation/family	alias_or_family_link -> ISO-8859-6	iconvex core registry	https://en.wikipedia.org/wiki/Code_page_38596	Close by registering a proven alias or documenting the already complete versioned family; add alias-equivalence tests and inventory linkage, not a duplicate codec. Canonical target: ISO-8859-6.
ENC-0222	Code page 57344	research_candidate	candidate_noncodec_reclass	R reclassify non-codec	control/reserved code-page value	catalog-only	https://en.wikipedia.org/wiki/Code_page_57344	Change catalog disposition to the named non-codec concept; exclude from codec-support totals.
ENC-0223	Code page 61439	research_candidate	candidate_noncodec_reclass	R reclassify non-codec	control/reserved code-page value	catalog-only	https://en.wikipedia.org/wiki/Code_page_61439	Change catalog disposition to the named non-codec concept; exclude from codec-support totals.
ENC-0224	Code page 65280	research_candidate	candidate_noncodec_reclass	R reclassify non-codec	control/reserved code-page value	catalog-only	https://en.wikipedia.org/wiki/Code_page_65280	Change catalog disposition to the named non-codec concept; exclude from codec-support totals.
ENC-0225	Code page 65533	research_candidate	candidate_noncodec_reclass	R reclassify non-codec	control/reserved code-page value	catalog-only	https://en.wikipedia.org/wiki/Code_page_65533	Change catalog disposition to the named non-codec concept; exclude from codec-support totals.
ENC-0226	Code page 65534	research_candidate	candidate_noncodec_reclass	R reclassify non-codec	control/reserved code-page value	catalog-only	https://en.wikipedia.org/wiki/Code_page_65534	Change catalog disposition to the named non-codec concept; exclude from codec-support totals.
ENC-0227	Code page 65535	research_candidate	candidate_noncodec_reclass	R reclassify non-codec	control/reserved code-page value	catalog-only	https://en.wikipedia.org/wiki/Code_page_65535	Change catalog disposition to the named non-codec concept; exclude from codec-support totals.
ENC-0237	Code page 790	research_candidate	candidate_existing_alias_or_family_complete	A0 closure via existing canonical implementation/family	alias_or_family_link -> MAZOVIA	iconvex core registry	https://en.wikipedia.org/wiki/Code_page_790	Close by registering a proven alias or documenting the already complete versioned family; add alias-equivalence tests and inventory linkage, not a duplicate codec. Canonical target: MAZOVIA.
ENC-0266	Code page 899	research_candidate	candidate_blocked_two_primary_unicode_bindings	B1 primary byte/GCGID tables plus pinned IBM P100 join; two bindings unresolved	retain_unimplemented_blocker	iconvex_specs	repo:iconvex_specs/priv/sources/ambiguous-primary-codecs/CP00899.txt (SHA-256 35c61df06c2f004b8c01f166339e943829767a9dec79e70a04bf8a1a1828b464); repo:iconvex_specs/priv/sources/ambiguous-primary-codecs/CP00259.txt (SHA-256 2a034df8a13bd44a26ee12439eb670fe8966499dc06280d692bd448d5eecdd57); repo:iconvex_specs/priv/sources/ambiguous-primary-codecs/BLOCKERS.md	Do not implement until authoritative standardized Unicode identities exist for byte 99 SM600001 and byte B4 SA350008; do not guess visual equivalents or expose an AFP PUA value as portable.
ENC-0267	Code page 900	research_candidate	candidate_existing_alias_or_family_complete	A0 closure via existing canonical implementation/family	alias_or_family_link -> CP866	iconvex core registry	https://en.wikipedia.org/wiki/Code_page_900	Close by registering a proven alias or documenting the already complete versioned family; add alias-equivalence tests and inventory linkage, not a duplicate codec. Canonical target: CP866.
ENC-0272	Code page 907	codec_gap	gap_generic_ambiguous_profile_already_source_qualified	C generic identity ambiguous; exact children exist	retain_generic_gap_and_link_exact_children	iconvex_specs	https://www.wikidata.org/wiki/Q56291572 | https://en.wikipedia.org/wiki/Code_page_907	Generic CP907 is ambiguous; existing exact child IBM-907-CDRA-P100-VPUA-COMPOSITE. Keep the generic row unresolved; link it to the already implemented source-qualified composite profiles and never silently alias the generic number.
ENC-0278	Code page 919	research_candidate	candidate_existing_alias_or_family_complete	A0 closure via existing canonical implementation/family	alias_or_family_link -> ISO-8859-10	iconvex core registry	https://en.wikipedia.org/wiki/Code_page_919	Close by registering a proven alias or documenting the already complete versioned family; add alias-equivalence tests and inventory linkage, not a duplicate codec. Canonical target: ISO-8859-10.
ENC-0284	Code page 932 (Microsoft Windows)	research_candidate	candidate_existing_alias_or_family_complete	A0 closure via existing canonical implementation/family	alias_or_family_link -> CP932	iconvex core registry	https://en.wikipedia.org/wiki/Code_page_932_%28Microsoft_Windows%29	Close by registering a proven alias or documenting the already complete versioned family; add alias-equivalence tests and inventory linkage, not a duplicate codec. Canonical target: CP932.
ENC-0286	Code page 936 (IBM)	research_candidate	candidate_concrete_primary_or_profile_missing	B concrete codec; authoritative full mapping/profile missing	catalog_reclassification	iconvex_specs	https://en.wikipedia.org/wiki/Code_page_936_%28IBM%29	IBM CP936 is Shift-GB (CP903+CP928), distinct from Microsoft CP936/GBK; SHIFTGB.TXT is source-qualified but IBM revision/UDC identity is unresolved. Retain research_candidate until a complete authoritative mapping and exact version/transport are pinned; no tertiary-table implementation.
ENC-0287	Code page 936 (Microsoft Windows)	research_candidate	candidate_existing_alias_or_family_complete	A0 closure via existing canonical implementation/family	alias_or_family_link -> CP936/GBK	iconvex core registry	https://en.wikipedia.org/wiki/Code_page_936_%28Microsoft_Windows%29	Close by registering a proven alias or documenting the already complete versioned family; add alias-equivalence tests and inventory linkage, not a duplicate codec. Canonical target: CP936/GBK.
ENC-0298	Code page 991	research_candidate	candidate_probable_alias_or_duplicate	C probable alias/duplicate; identity proof required	resolve_identity_then_alias_or_implement	iconvex_specs	https://en.wikipedia.org/wiki/Code_page_991	CP991 is often described as Mazovia but sources disagree about a Zloty variant; prove the exact table before aliasing. Do not alias yet. Resolve exact revision/profile and prove complete table/state equality; otherwise retain a distinct candidate.
ENC-0299	Code page 999	research_candidate	candidate_concrete_primary_or_profile_missing	B concrete codec; authoritative full mapping/profile missing	catalog_reclassification	iconvex_specs	https://en.wikipedia.org/wiki/Code_page_999	Concrete DOS Serbo-Croatian/CROSCII composite (lower JUS I.B1.002 plus upper CP437 in secondary sources); pin exact variant before implementation. Retain research_candidate until a complete authoritative mapping and exact version/transport are pinned; no tertiary-table implementation.
ENC-0300	Commodore Amiga	codec_gap	gap_concrete_primary_missing	B concrete codec; authoritative full mapping/profile missing	retain_unimplemented_blocker	iconvex_specs	https://www.wikidata.org/wiki/Q60982600	Do not implement from a tertiary chart. First pin a complete authoritative mapping, byte/state serialization, version, undefined-byte behavior and licensing.
ENC-0302	Compucolor II character set	research_candidate	candidate_concrete_primary_or_profile_missing	B concrete codec; authoritative full mapping/profile missing	catalog_reclassification	iconvex_specs	https://en.wikipedia.org/wiki/Compucolor_II_character_set	Retain research_candidate until a complete authoritative mapping and exact version/transport are pinned; no tertiary-table implementation.
ENC-0413	CROSCII	research_candidate	candidate_probable_alias_or_duplicate	C probable alias/duplicate; identity proof required	resolve_identity_then_alias_or_implement	iconvex_specs	https://en.wikipedia.org/wiki/CROSCII	Do not alias yet. Resolve exact revision/profile and prove complete table/state equality; otherwise retain a distinct candidate.
ENC-0414	CS Indic character set	research_candidate	candidate_concrete_primary_or_profile_missing	B concrete codec; authoritative full mapping/profile missing	catalog_reclassification	iconvex_specs	https://en.wikipedia.org/wiki/CS_Indic_character_set	Retain research_candidate until a complete authoritative mapping and exact version/transport are pinned; no tertiary-table implementation.
ENC-0419	CSX Indic character set	research_candidate	candidate_concrete_primary_or_profile_missing	B concrete codec; authoritative full mapping/profile missing	catalog_reclassification	iconvex_specs	https://en.wikipedia.org/wiki/CSX_Indic_character_set | https://en.wikipedia.org/wiki/CSX%2B_Indic_character_set	Retain research_candidate until a complete authoritative mapping and exact version/transport are pinned; no tertiary-table implementation.
ENC-0440	DG-SPECIALGRAPHICS	codec_gap	gap_uncorroborated_source	X source explicitly unverified	retain_unimplemented_blocker	iconvex_specs	https://www.kermitproject.org/k95charsets.html	Kermit u_dgspec table is explicitly marked “Needs to be checked.” Blocked: the available Kermit table says it needs checking. Require independent vendor-primary corroboration before implementation.
ENC-0442	Digital encoding of APL symbols	research_candidate	candidate_family_split_or_exact_repertoire_no_transport	D family/repertoire; split exact transported children	family_or_repertoire_metadata; implement_named_transported_children_only	iconvex_specs	https://en.wikipedia.org/wiki/Digital_encoding_of_APL_symbols	Keep as family/repertoire metadata and enumerate exact children. Only children with a normative byte/state transport become codecs.
ENC-0443	DIN 66303	research_candidate	candidate_family_split_or_exact_repertoire_no_transport	D family/repertoire; split exact transported children	family_or_repertoire_metadata; implement_named_transported_children_only	iconvex_specs	https://en.wikipedia.org/wiki/DIN_66303	Keep as family/repertoire metadata and enumerate exact children. Only children with a normative byte/state transport become codecs.
ENC-0444	DIN 91379	research_candidate	candidate_noncodec_reclass	R reclassify non-codec	unicode_repertoire_profile (DIN 91379)	catalog-only	https://en.wikipedia.org/wiki/DIN_91379	Change catalog disposition to the named non-codec concept; exclude from codec-support totals.
ENC-0447	DKOI	research_candidate	candidate_family_split_or_exact_repertoire_no_transport	D family/repertoire; split exact transported children	family_or_repertoire_metadata; implement_named_transported_children_only	iconvex_specs	https://en.wikipedia.org/wiki/DKOI	DKOI is a family; GOST 19768-93 K1/K2 children are exact implementable profiles, with currency/dollar variants named separately. Keep as family/repertoire metadata and enumerate exact children. Only children with a normative byte/state transport become codecs.
ENC-0456	EBCDIC 001	codec_gap	gap_concrete_primary_missing	B concrete codec; authoritative full mapping/profile missing	retain_unimplemented_blocker	iconvex_specs	https://www.wikidata.org/wiki/Q55610200	Do not implement from a tertiary chart. First pin a complete authoritative mapping, byte/state serialization, version, undefined-byte behavior and licensing.
ENC-0457	EBCDIC 8859	codec_gap	gap_concrete_primary_missing	B concrete codec; authoritative full mapping/profile missing	retain_unimplemented_blocker	iconvex_specs	https://www.wikidata.org/wiki/Q3045824	Do not implement from a tertiary chart. First pin a complete authoritative mapping, byte/state serialization, version, undefined-byte behavior and licensing.
ENC-0475	EBU Latin	research_candidate	candidate_family_split_or_exact_repertoire_no_transport	D family/repertoire; split exact transported children	family_or_repertoire_metadata; implement_named_transported_children_only	iconvex_telecom	https://en.wikipedia.org/wiki/EBU_Latin	EBU Tech 3232/3232A defines exact repertoire/designations; pin the separate teletext serialization/profile before calling it a codec. Keep as family/repertoire metadata and enumerate exact children. Only children with a normative byte/state transport become codecs.
ENC-0477	ECMA-121	research_candidate	candidate_existing_alias_or_family_complete	A0 closure via existing canonical implementation/family	alias_or_family_link -> ISO-8859-8	iconvex core registry	https://en.wikipedia.org/wiki/ECMA-121	Close by registering a proven alias or documenting the already complete versioned family; add alias-equivalence tests and inventory linkage, not a duplicate codec. Canonical target: ISO-8859-8.
ENC-0481	ECMA-94	research_candidate	candidate_family_split_or_exact_repertoire_no_transport	D family/repertoire; split exact transported children	family_or_repertoire_metadata; implement_named_transported_children_only	iconvex_specs	https://en.wikipedia.org/wiki/ECMA-94	Keep as family/repertoire metadata and enumerate exact children. Only children with a normative byte/state transport become codecs.
ENC-0491	Extended ASCII	research_candidate	candidate_noncodec_reclass	R reclassify non-codec	encoding_family/umbrella (Extended ASCII)	catalog-only	https://en.wikipedia.org/wiki/Extended_ASCII	Change catalog disposition to the named non-codec concept; exclude from codec-support totals.
ENC-0495	Extended Unix Code	research_candidate	candidate_family_split_or_exact_repertoire_no_transport	D family/repertoire; split exact transported children	family_or_repertoire_metadata; implement_named_transported_children_only	iconvex_specs	https://en.wikipedia.org/wiki/Extended_Unix_Code	Keep as family/repertoire metadata and enumerate exact children. Only children with a normative byte/state transport become codecs.
ENC-0498	EZweb emoji	codec_gap	gap_exact_repertoire_no_transport_or_version	D exact repertoire/property but no unique transport/version	family_or_repertoire_metadata; implement_named_transported_children_only	iconvex_telecom	https://www.wikidata.org/wiki/Q17192715	Treat as repertoire/profile metadata until a normative serialized transport and exact version are pinned; implement only explicitly named transported children.
ENC-0500	File System Safe UCS Transformation Format	research_candidate	candidate_existing_alias_or_family_complete	A0 closure via existing canonical implementation/family	alias_or_family_link -> UTF-8	iconvex core registry	https://en.wikipedia.org/wiki/File_System_Safe_UCS_Transformation_Format	Close by registering a proven alias or documenting the already complete versioned family; add alias-equivalence tests and inventory linkage, not a duplicate codec. Canonical target: UTF-8.
ENC-0502	FOCAL character set	research_candidate	candidate_concrete_primary_or_profile_missing	B concrete codec; authoritative full mapping/profile missing	catalog_reclassification	iconvex_specs	https://en.wikipedia.org/wiki/FOCAL_character_set	Retain research_candidate until a complete authoritative mapping and exact version/transport are pinned; no tertiary-table implementation.
ENC-0504	FSS-UTF	research_candidate	candidate_existing_alias_or_family_complete	A0 closure via existing canonical implementation/family	alias_or_family_link -> UTF-8	iconvex core registry	https://en.wikipedia.org/wiki/FSS-UTF	Close by registering a proven alias or documenting the already complete versioned family; add alias-equivalence tests and inventory linkage, not a duplicate codec. Canonical target: UTF-8.
ENC-0505	GB 12052	codec_gap	gap_exact_repertoire_no_transport_or_version	D exact repertoire/property but no unique transport/version	family_or_repertoire_metadata; implement_named_transported_children_only	iconvex_specs	https://www.wikidata.org/wiki/Q9363228 | https://en.wikipedia.org/wiki/GB_12052	Treat as repertoire/profile metadata until a normative serialized transport and exact version are pinned; implement only explicitly named transported children.
ENC-0506	GB 12345	codec_gap	gap_exact_repertoire_no_transport_or_version	D exact repertoire/property but no unique transport/version	family_or_repertoire_metadata; implement_named_transported_children_only	iconvex_specs	https://www.wikidata.org/wiki/Q10847246 | https://en.wikipedia.org/wiki/GB_12345	Treat as repertoire/profile metadata until a normative serialized transport and exact version are pinned; implement only explicitly named transported children.
ENC-0507	GB 13131–91	codec_gap	gap_exact_repertoire_no_transport_or_version	D exact repertoire/property but no unique transport/version	family_or_repertoire_metadata; implement_named_transported_children_only	iconvex_specs	https://www.wikidata.org/wiki/Q55682812	Treat as repertoire/profile metadata until a normative serialized transport and exact version are pinned; implement only explicitly named transported children.
ENC-0508	GB 13132‐91	codec_gap	gap_exact_repertoire_no_transport_or_version	D exact repertoire/property but no unique transport/version	family_or_repertoire_metadata; implement_named_transported_children_only	iconvex_specs	https://www.wikidata.org/wiki/Q55682892	Treat as repertoire/profile metadata until a normative serialized transport and exact version are pinned; implement only explicitly named transported children.
ENC-0509	GB/T 16500–1998	codec_gap	gap_exact_repertoire_no_transport_or_version	D exact repertoire/property but no unique transport/version	family_or_repertoire_metadata; implement_named_transported_children_only	iconvex_specs	https://www.wikidata.org/wiki/Q55683030	Treat as repertoire/profile metadata until a normative serialized transport and exact version are pinned; implement only explicitly named transported children.
ENC-0510	GB/T 7589–87	codec_gap	gap_exact_repertoire_no_transport_or_version	D exact repertoire/property but no unique transport/version	family_or_repertoire_metadata; implement_named_transported_children_only	iconvex_specs	https://www.wikidata.org/wiki/Q55682422	Treat as repertoire/profile metadata until a normative serialized transport and exact version are pinned; implement only explicitly named transported children.
ENC-0511	GB/T 7590–87	codec_gap	gap_exact_repertoire_no_transport_or_version	D exact repertoire/property but no unique transport/version	family_or_repertoire_metadata; implement_named_transported_children_only	iconvex_specs	https://www.wikidata.org/wiki/Q55682721	Treat as repertoire/profile metadata until a normative serialized transport and exact version are pinned; implement only explicitly named transported children.
ENC-0512	GB/T 8565.2–88	codec_gap	gap_exact_repertoire_no_transport_or_version	D exact repertoire/property but no unique transport/version	family_or_repertoire_metadata; implement_named_transported_children_only	iconvex_specs	https://www.wikidata.org/wiki/Q55683269	Treat as repertoire/profile metadata until a normative serialized transport and exact version are pinned; implement only explicitly named transported children.
ENC-0519	GCCS (character set)	research_candidate	candidate_probable_alias_or_duplicate	C probable alias/duplicate; identity proof required	resolve_identity_then_alias_or_implement	iconvex_specs	https://en.wikipedia.org/wiki/GCCS_%28character_set%29	Do not alias yet. Resolve exact revision/profile and prove complete table/state equality; otherwise retain a distinct candidate.
ENC-0521	GEM character set	research_candidate	candidate_concrete_primary_or_profile_missing	B concrete codec; authoritative full mapping/profile missing	catalog_reclassification	iconvex_specs	https://en.wikipedia.org/wiki/GEM_character_set	Retain research_candidate until a complete authoritative mapping and exact version/transport are pinned; no tertiary-table implementation.
ENC-0527	Government Chinese Character Set	research_candidate	candidate_probable_alias_or_duplicate	C probable alias/duplicate; identity proof required	resolve_identity_then_alias_or_implement	iconvex_specs	https://en.wikipedia.org/wiki/Government_Chinese_Character_Set	Do not alias yet. Resolve exact revision/profile and prove complete table/state equality; otherwise retain a distinct candidate.
ENC-0540	Hardware code page	research_candidate	candidate_noncodec_reclass	R reclassify non-codec	platform mechanism (hardware code page)	catalog-only	https://en.wikipedia.org/wiki/Hardware_code_page	Change catalog disposition to the named non-codec concept; exclude from codec-support totals.
ENC-0546	Hollerith consensus punched-card code	codec_gap	gap_blocked_source_declared_variant_cells	B1 complete secondary historical chart with four explicitly variable cells	retain_unimplemented_blocker	iconvex_specs	https://homepage.cs.uiowa.edu/~jones/cards/codes.html (artifact SHA-256 824e61a9687f7fa0b9c9dd3c966ca02020bf8af1ab6671e9bd2e131f22f47b18; diagram and prose declare four variable question-mark cells) | repo:iconvex_specs/priv/sources/punched-card-codes/hollerith_consensus_iowa_824e61a9_blocker.md	Do not implement the generic Hollerith consensus profile while its source leaves four variant cells unresolved. Pin a versioned primary table that fixes every accepted mask and Unicode binding, the canonical inverse, and blank/invalid/control semantics.
ENC-0547	Hong Kong Supplementary Character Set	research_candidate	candidate_existing_alias_or_family_complete	A0 closure via existing canonical implementation/family	alias_or_family_link -> versioned BIG5-HKSCS family	iconvex_specs	https://en.wikipedia.org/wiki/Hong_Kong_Supplementary_Character_Set	Close by registering a proven alias or documenting the already complete versioned family; add alias-equivalence tests and inventory linkage, not a duplicate codec. Canonical target: versioned BIG5-HKSCS family.
ENC-0548	HP calculator character sets	research_candidate	candidate_family_split_or_exact_repertoire_no_transport	D family/repertoire; split exact transported children	family_or_repertoire_metadata; implement_named_transported_children_only	iconvex_specs	https://en.wikipedia.org/wiki/HP_calculator_character_sets	Keep as family/repertoire metadata and enumerate exact children. Only children with a normative byte/state transport become codecs.
ENC-0549	HP Roman	research_candidate	candidate_family_split_or_exact_repertoire_no_transport	D family/repertoire; split exact transported children	family_or_repertoire_metadata; implement_named_transported_children_only	iconvex_specs	https://en.wikipedia.org/wiki/HP_Roman	Keep as family/repertoire metadata and enumerate exact children. Only children with a normative byte/state transport become codecs.
ENC-0550	HP Roman Extension	research_candidate	candidate_probable_alias_or_duplicate	C probable alias/duplicate; identity proof required	resolve_identity_then_alias_or_implement	iconvex_specs	https://en.wikipedia.org/wiki/HP_Roman_Extension	Likely duplicate of CP1050/HP Roman Extension; close only after exact source identity is pinned. Do not alias yet. Resolve exact revision/profile and prove complete table/state equality; otherwise retain a distinct candidate.
ENC-0554	HP-LINE-DRAWING	codec_gap	gap_uncorroborated_source	X source explicitly unverified	retain_unimplemented_blocker	iconvex_specs	https://www.kermitproject.org/k95charsets.html	Kermit u_hpline table is explicitly marked “Needs to be checked.” Blocked: the available Kermit table says it needs checking. Require independent vendor-primary corroboration before implementation.
ENC-0564	i-mode emoji	codec_gap	gap_exact_repertoire_no_transport_or_version	D exact repertoire/property but no unique transport/version	family_or_repertoire_metadata; implement_named_transported_children_only	iconvex_telecom	https://www.wikidata.org/wiki/Q11224982	Treat as repertoire/profile metadata until a normative serialized transport and exact version are pinned; implement only explicitly named transported children.
ENC-0662	IBM-12708	codec_gap	gap_external_hard_blocker	X exact public mapping/state contract absent	retain_unimplemented_blocker	iconvex_specs	repo:iconvex/research/HIGH_PRIORITY_CODEC_GAPS.tsv | https://www.ibm.com/docs/en/i/7.4.0?topic=information-ccsid-values-defined-i	Retain codec_gap and the precise blocker in HIGH_PRIORITY_CODEC_GAPS.tsv; implement only after an exact public mapping/state contract is obtained.
ENC-0737	IBM-4396	codec_gap	gap_external_hard_blocker	X exact public mapping/state contract absent	retain_unimplemented_blocker	iconvex_specs	repo:iconvex/research/HIGH_PRIORITY_CODEC_GAPS.tsv | https://www.ibm.com/docs/en/i/7.4.0?topic=information-ccsid-values-defined-i	Retain codec_gap and the precise blocker in HIGH_PRIORITY_CODEC_GAPS.tsv; implement only after an exact public mapping/state contract is obtained.
ENC-0751	IBM-4953	codec_gap	gap_external_hard_blocker	X exact public mapping/state contract absent	retain_unimplemented_blocker	iconvex_specs	repo:iconvex/research/HIGH_PRIORITY_CODEC_GAPS.tsv | https://www.ibm.com/docs/en/i/7.4.0?topic=information-ccsid-values-defined-i	Retain codec_gap and the precise blocker in HIGH_PRIORITY_CODEC_GAPS.tsv; implement only after an exact public mapping/state contract is obtained.
ENC-0754	IBM-4965	codec_gap	gap_external_hard_blocker	X exact public mapping/state contract absent	retain_unimplemented_blocker	iconvex_specs	repo:iconvex/research/HIGH_PRIORITY_CODEC_GAPS.tsv | https://www.ibm.com/docs/en/i/7.4.0?topic=information-ccsid-values-defined-i	Retain codec_gap and the precise blocker in HIGH_PRIORITY_CODEC_GAPS.tsv; implement only after an exact public mapping/state contract is obtained.
ENC-0755	IBM-4970	codec_gap	gap_external_hard_blocker	X exact public mapping/state contract absent	retain_unimplemented_blocker	iconvex_specs	repo:iconvex/research/HIGH_PRIORITY_CODEC_GAPS.tsv | https://www.ibm.com/docs/en/i/7.4.0?topic=information-ccsid-values-defined-i	Retain codec_gap and the precise blocker in HIGH_PRIORITY_CODEC_GAPS.tsv; implement only after an exact public mapping/state contract is obtained.
ENC-0774	IBM-57345	codec_gap	gap_external_hard_blocker	X exact public mapping/state contract absent	retain_unimplemented_blocker	iconvex_specs	repo:iconvex/research/HIGH_PRIORITY_CODEC_GAPS.tsv | https://www.ibm.com/docs/en/i/7.4.0?topic=information-ccsid-values-defined-i	Retain codec_gap and the precise blocker in HIGH_PRIORITY_CODEC_GAPS.tsv; implement only after an exact public mapping/state contract is obtained.
ENC-0775	IBM-61175	codec_gap	gap_external_hard_blocker	X exact public mapping/state contract absent	retain_unimplemented_blocker	iconvex_specs	repo:iconvex/research/HIGH_PRIORITY_CODEC_GAPS.tsv | https://www.ibm.com/docs/en/i/7.4.0?topic=information-ccsid-values-defined-i	Retain codec_gap and the precise blocker in HIGH_PRIORITY_CODEC_GAPS.tsv; implement only after an exact public mapping/state contract is obtained.
ENC-0777	IBM-62210	codec_gap	gap_external_hard_blocker	X exact public mapping/state contract absent	retain_unimplemented_blocker	iconvex_specs	repo:iconvex/research/HIGH_PRIORITY_CODEC_GAPS.tsv | https://www.ibm.com/docs/en/i/7.4.0?topic=information-ccsid-values-defined-i	Retain codec_gap and the precise blocker in HIGH_PRIORITY_CODEC_GAPS.tsv; implement only after an exact public mapping/state contract is obtained.
ENC-0778	IBM-62211	codec_gap	gap_external_hard_blocker	X exact public mapping/state contract absent	retain_unimplemented_blocker	iconvex_specs	repo:iconvex/research/HIGH_PRIORITY_CODEC_GAPS.tsv | https://www.ibm.com/docs/en/i/7.4.0?topic=information-ccsid-values-defined-i	Retain codec_gap and the precise blocker in HIGH_PRIORITY_CODEC_GAPS.tsv; implement only after an exact public mapping/state contract is obtained.
ENC-0779	IBM-62215	codec_gap	gap_external_hard_blocker	X exact public mapping/state contract absent	retain_unimplemented_blocker	iconvex_specs	repo:iconvex/research/HIGH_PRIORITY_CODEC_GAPS.tsv | https://www.ibm.com/docs/en/i/7.4.0?topic=information-ccsid-values-defined-i	Retain codec_gap and the precise blocker in HIGH_PRIORITY_CODEC_GAPS.tsv; implement only after an exact public mapping/state contract is obtained.
ENC-0780	IBM-62218	codec_gap	gap_external_hard_blocker	X exact public mapping/state contract absent	retain_unimplemented_blocker	iconvex_specs	repo:iconvex/research/HIGH_PRIORITY_CODEC_GAPS.tsv | https://www.ibm.com/docs/en/i/7.4.0?topic=information-ccsid-values-defined-i	Retain codec_gap and the precise blocker in HIGH_PRIORITY_CODEC_GAPS.tsv; implement only after an exact public mapping/state contract is obtained.
ENC-0781	IBM-62222	codec_gap	gap_external_hard_blocker	X exact public mapping/state contract absent	retain_unimplemented_blocker	iconvex_specs	repo:iconvex/research/HIGH_PRIORITY_CODEC_GAPS.tsv | https://www.ibm.com/docs/en/i/7.4.0?topic=information-ccsid-values-defined-i	Retain codec_gap and the precise blocker in HIGH_PRIORITY_CODEC_GAPS.tsv; implement only after an exact public mapping/state contract is obtained.
ENC-0782	IBM-62223	codec_gap	gap_external_hard_blocker	X exact public mapping/state contract absent	retain_unimplemented_blocker	iconvex_specs	repo:iconvex/research/HIGH_PRIORITY_CODEC_GAPS.tsv | https://www.ibm.com/docs/en/i/7.4.0?topic=information-ccsid-values-defined-i	Retain codec_gap and the precise blocker in HIGH_PRIORITY_CODEC_GAPS.tsv; implement only after an exact public mapping/state contract is obtained.
ENC-0783	IBM-62224	codec_gap	gap_external_hard_blocker	X exact public mapping/state contract absent	retain_unimplemented_blocker	iconvex_specs	repo:iconvex/research/HIGH_PRIORITY_CODEC_GAPS.tsv | https://www.ibm.com/docs/en/i/7.4.0?topic=information-ccsid-values-defined-i	Retain codec_gap and the precise blocker in HIGH_PRIORITY_CODEC_GAPS.tsv; implement only after an exact public mapping/state contract is obtained.
ENC-0784	IBM-62228	codec_gap	gap_external_hard_blocker	X exact public mapping/state contract absent	retain_unimplemented_blocker	iconvex_specs	repo:iconvex/research/HIGH_PRIORITY_CODEC_GAPS.tsv | https://www.ibm.com/docs/en/i/7.4.0?topic=information-ccsid-values-defined-i	Retain codec_gap and the precise blocker in HIGH_PRIORITY_CODEC_GAPS.tsv; implement only after an exact public mapping/state contract is obtained.
ENC-0785	IBM-62235	codec_gap	gap_external_hard_blocker	X exact public mapping/state contract absent	retain_unimplemented_blocker	iconvex_specs	repo:iconvex/research/HIGH_PRIORITY_CODEC_GAPS.tsv | https://www.ibm.com/docs/en/i/7.4.0?topic=information-ccsid-values-defined-i	Retain codec_gap and the precise blocker in HIGH_PRIORITY_CODEC_GAPS.tsv; implement only after an exact public mapping/state contract is obtained.
ENC-0786	IBM-62238	codec_gap	gap_external_hard_blocker	X exact public mapping/state contract absent	retain_unimplemented_blocker	iconvex_specs	repo:iconvex/research/HIGH_PRIORITY_CODEC_GAPS.tsv | https://www.ibm.com/docs/en/i/7.4.0?topic=information-ccsid-values-defined-i	Retain codec_gap and the precise blocker in HIGH_PRIORITY_CODEC_GAPS.tsv; implement only after an exact public mapping/state contract is obtained.
ENC-0787	IBM-62239	codec_gap	gap_external_hard_blocker	X exact public mapping/state contract absent	retain_unimplemented_blocker	iconvex_specs	repo:iconvex/research/HIGH_PRIORITY_CODEC_GAPS.tsv | https://www.ibm.com/docs/en/i/7.4.0?topic=information-ccsid-values-defined-i	Retain codec_gap and the precise blocker in HIGH_PRIORITY_CODEC_GAPS.tsv; implement only after an exact public mapping/state contract is obtained.
ENC-0788	IBM-62245	codec_gap	gap_external_hard_blocker	X exact public mapping/state contract absent	retain_unimplemented_blocker	iconvex_specs	repo:iconvex/research/HIGH_PRIORITY_CODEC_GAPS.tsv | https://www.ibm.com/docs/en/i/7.4.0?topic=information-ccsid-values-defined-i	Retain codec_gap and the precise blocker in HIGH_PRIORITY_CODEC_GAPS.tsv; implement only after an exact public mapping/state contract is obtained.
ENC-0961	IBMEL card character set	codec_gap	gap_blocked_unnamed_unicode_binding	B1 complete secondary punch table; one semantic Unicode binding absent	retain_unimplemented_blocker	iconvex_specs	https://homepage.cs.uiowa.edu/~jones/cards/codes.html (SHA-256 824e61a9687f7fa0b9c9dd3c966ca02020bf8af1ab6671e9bd2e131f22f47b18); repo:iconvex_specs/priv/sources/ambiguous-primary-codecs/BLOCKERS.md	Do not implement until a primary Electrologica source or authoritative registry binds mask 0x282 subscript ten and defines whether it is one encoded character or a Unicode sequence.
ENC-0964	Ideographic Research Group	research_candidate	candidate_noncodec_reclass	R reclassify non-codec	organization (IRG)	catalog-only	https://en.wikipedia.org/wiki/Ideographic_Research_Group	Change catalog disposition to the named non-codec concept; exclude from codec-support totals.
ENC-0977	International Reference Alphabet	research_candidate	candidate_probable_alias_or_duplicate	C probable alias/duplicate; identity proof required	resolve_identity_then_alias_or_implement	iconvex_specs	https://en.wikipedia.org/wiki/International_Reference_Alphabet	Do not alias yet. Resolve exact revision/profile and prove complete table/state equality; otherwise retain a distinct candidate.
ENC-0984	Iran System encoding	research_candidate	candidate_probable_alias_or_duplicate	C probable alias/duplicate; identity proof required	resolve_identity_then_alias_or_implement	iconvex_specs	https://en.wikipedia.org/wiki/Iran_System_encoding	Duplicate catalog concept of codec-gap ENC-0976; merge catalog records, not codec implementations. Do not alias yet. Resolve exact revision/profile and prove complete table/state equality; otherwise retain a distinct candidate.
ENC-0985	Iran System encoding standard	codec_gap	gap_blocked_license_and_conflicting_unicode_semantics	B1 authoritative mapping is redistribution-restricted; licensed secondary semantics conflict	retain_unimplemented_blocker	iconvex_specs	IRAN SYSTEM to Unicode v1.0 (2000-01-21; 13439 bytes; SHA-256 e31f8d325640aff859f2ce53c6b69e650a0084c42ba6dcbaddaeccdf82b0e1e3; All Rights reserved) | https://en.wikipedia.org/w/index.php?oldid=1330978730 (presentation-form mapping) | repo:iconvex_specs/priv/sources/secondary-source-qualified-single-byte/BLOCKERS.md	Do not implement until redistribution permission covers the authoritative table or a freely redistributable versioned specification selects one Unicode semantic profile and defines its inverse; do not silently substitute presentation forms for joining-control sequences.
ENC-0997	ISO 10585	research_candidate	candidate_probable_alias_or_duplicate	C probable alias/duplicate; identity proof required	resolve_identity_then_alias_or_implement	iconvex_specs	https://en.wikipedia.org/wiki/ISO_10585	Do not alias yet. Resolve exact revision/profile and prove complete table/state equality; otherwise retain a distinct candidate.
ENC-1067	ISO/IEC 10367	research_candidate	candidate_family_split_or_exact_repertoire_no_transport	D family/repertoire; split exact transported children	family_or_repertoire_metadata; implement_named_transported_children_only	iconvex_specs	https://en.wikipedia.org/wiki/ISO/IEC_10367	Keep as family/repertoire metadata and enumerate exact children. Only children with a normative byte/state transport become codecs.
ENC-1075	ISO/IEC 2022	research_candidate	candidate_family_split_or_exact_repertoire_no_transport	D family/repertoire; split exact transported children	family_or_repertoire_metadata; implement_named_transported_children_only	iconvex_specs	https://en.wikipedia.org/wiki/ISO/IEC_2022	Keep as family/repertoire metadata and enumerate exact children. Only children with a normative byte/state transport become codecs.
ENC-1076	ISO/IEC 646	research_candidate	candidate_family_split_or_exact_repertoire_no_transport	D family/repertoire; split exact transported children	family_or_repertoire_metadata; implement_named_transported_children_only	iconvex_specs	https://en.wikipedia.org/wiki/ISO/IEC_646	Keep as family/repertoire metadata and enumerate exact children. Only children with a normative byte/state transport become codecs.
ENC-1104	ITU T.61	research_candidate	candidate_existing_alias_or_family_complete	A0 closure via existing canonical implementation/family	alias_or_family_link -> T.61 7-bit/8-bit family	iconvex_specs	https://en.wikipedia.org/wiki/ITU_T.61	Close by registering a proven alias or documenting the already complete versioned family; add alias-equivalence tests and inventory linkage, not a duplicate codec. Canonical target: T.61 7-bit/8-bit family.
ENC-1111	Japanese language in EBCDIC	research_candidate	candidate_family_split_or_exact_repertoire_no_transport	D family/repertoire; split exact transported children	family_or_repertoire_metadata; implement_named_transported_children_only	iconvex_specs	https://en.wikipedia.org/wiki/Japanese_language_in_EBCDIC	Keep as family/repertoire metadata and enumerate exact children. Only children with a normative byte/state transport become codecs.
ENC-1121	JEF codepage	codec_gap	gap_concrete_primary_missing	B concrete codec; authoritative full mapping/profile missing	retain_unimplemented_blocker	iconvex_specs	https://www.wikidata.org/wiki/Q6108069	Do not implement from a tertiary chart. First pin a complete authoritative mapping, byte/state serialization, version, undefined-byte behavior and licensing.
ENC-1145	JUS I.B1.004	research_candidate	candidate_probable_alias_or_duplicate	C probable alias/duplicate; identity proof required	resolve_identity_then_alias_or_implement	iconvex_specs	https://en.wikipedia.org/wiki/JUS_I.B1.004	Do not alias yet. Resolve exact revision/profile and prove complete table/state equality; otherwise retain a distinct candidate.
ENC-1150	KanjiTalk	research_candidate	candidate_noncodec_reclass	R reclassify non-codec	platform/product identity (KanjiTalk)	catalog-only	https://en.wikipedia.org/wiki/KanjiTalk	Change catalog disposition to the named non-codec concept; exclude from codec-support totals.
ENC-1154	KOI character encodings	research_candidate	candidate_family_split_or_exact_repertoire_no_transport	D family/repertoire; split exact transported children	family_or_repertoire_metadata; implement_named_transported_children_only	iconvex_specs	https://en.wikipedia.org/wiki/KOI_character_encodings	Keep as family/repertoire metadata and enumerate exact children. Only children with a normative byte/state transport become codecs.
ENC-1159	KOI8-O	research_candidate	candidate_concrete_primary_or_profile_missing	B concrete codec; authoritative full mapping/profile missing	catalog_reclassification	iconvex_specs	https://en.wikipedia.org/wiki/KOI8-O	Retain research_candidate until a complete authoritative mapping and exact version/transport are pinned; no tertiary-table implementation.
ENC-1164	KPS 10721	codec_gap	gap_exact_repertoire_no_transport_or_version	D exact repertoire/property but no unique transport/version	family_or_repertoire_metadata; implement_named_transported_children_only	iconvex_specs	https://www.wikidata.org/wiki/Q55683587	Treat as repertoire/profile metadata until a normative serialized transport and exact version are pinned; implement only explicitly named transported children.
ENC-1166	KS X 1002	codec_gap	gap_exact_repertoire_no_transport_or_version	D exact repertoire/property but no unique transport/version	family_or_repertoire_metadata; implement_named_transported_children_only	iconvex_specs	https://www.wikidata.org/wiki/Q12581371 | https://en.wikipedia.org/wiki/KS_X_1002	Treat as repertoire/profile metadata until a normative serialized transport and exact version are pinned; implement only explicitly named transported children.
ENC-1167	KS X 1003	codec_gap	gap_exact_repertoire_no_transport_or_version	D exact repertoire/property but no unique transport/version	family_or_repertoire_metadata; implement_named_transported_children_only	iconvex_specs	https://www.wikidata.org/wiki/Q1719055	Treat as repertoire/profile metadata until a normative serialized transport and exact version are pinned; implement only explicitly named transported children.
ENC-1168	KS X 1005	codec_gap	gap_exact_repertoire_no_transport_or_version	D exact repertoire/property but no unique transport/version	family_or_repertoire_metadata; implement_named_transported_children_only	iconvex_specs	https://www.wikidata.org/wiki/Q16647792	Treat as repertoire/profile metadata until a normative serialized transport and exact version are pinned; implement only explicitly named transported children.
ENC-1238	Macintosh Font X encoding	research_candidate	candidate_concrete_primary_or_profile_missing	B concrete codec; authoritative full mapping/profile missing	catalog_reclassification	iconvex_specs	https://en.wikipedia.org/wiki/Macintosh_Font_X_encoding	Retain research_candidate until a complete authoritative mapping and exact version/transport are pinned; no tertiary-table implementation.
ENC-1250	Main code page (Russian)	research_candidate	candidate_blocked_primary_source_unavailable	B1 cited primary scans unavailable	blocked_source_unavailable	iconvex_specs	http://www.wdigest.ru/mpss1986/mpss04_1986_p62.jpg | http://www.wdigest.ru/mpss1986/mpss04_1986_p63.jpg (both cited scans returned 404 during the 2026-07-18 closure audit)	Find and pin a replacement primary scan before deriving or naming a byte mapping; do not reconstruct the table from uncited secondary summaries.
ENC-1251	MAKSCII	research_candidate	candidate_probable_alias_or_duplicate	C probable alias/duplicate; identity proof required	resolve_identity_then_alias_or_implement	iconvex_specs	https://en.wikipedia.org/wiki/MAKSCII	Do not alias yet. Resolve exact revision/profile and prove complete table/state equality; otherwise retain a distinct candidate.
ENC-1254	Matsushita JR series	research_candidate	candidate_family_split_or_exact_repertoire_no_transport	D family/repertoire; split exact transported children	family_or_repertoire_metadata; implement_named_transported_children_only	iconvex_specs	https://en.wikipedia.org/wiki/Matsushita_JR_series	Keep as family/repertoire metadata and enumerate exact children. Only children with a normative byte/state transport become codecs.
ENC-1255	Mattel Aquarius	research_candidate	candidate_probable_alias_or_duplicate	C probable alias/duplicate; identity proof required	resolve_identity_then_alias_or_implement	iconvex_specs	https://en.wikipedia.org/wiki/Mattel_Aquarius	Duplicate catalog concept of codec-gap ENC-1247; merge catalog records. Do not alias yet. Resolve exact revision/profile and prove complete table/state equality; otherwise retain a distinct candidate.
ENC-1256	Mattel Aquarius character set	codec_gap	gap_concrete_primary_missing	B concrete codec; authoritative full mapping/profile missing	retain_unimplemented_blocker	iconvex_specs	https://www.wikidata.org/wiki/Q48743939	Do not implement from a tertiary chart. First pin a complete authoritative mapping, byte/state serialization, version, undefined-byte behavior and licensing.
ENC-1265	Modified HP Roman-8	research_candidate	candidate_blocked_multiple_versions_and_ambiguous_unicode_bindings	B1 secondary source defines two variants with alternative Unicode mappings	retain_unimplemented_blocker	iconvex_specs	https://en.wikipedia.org/w/index.php?oldid=1361711799 (wikitext SHA-256 c4cd07bb1be71bd5267eb9f6222839451ce344637e39e8a5b4ad0d5ffe4832a0; 1984 variant I and 1986 variant II; alternative Unicode bindings) | repo:iconvex_specs/priv/sources/secondary-source-qualified-single-byte/BLOCKERS.md	Do not implement the generic name or choose alternatives arbitrarily. Pin primary charts, register the 1984 and 1986 variants as separate identities, and document every Unicode binding and canonical inverse.
ENC-1268	Mojikyō	codec_gap	gap_noncodec_reclass	R reclassify non-codec	mapping_notation/repertoire (Mojikyo M-numbers/fonts), not portable serialized bytes	catalog-only	https://www.wikidata.org/wiki/Q830907 | https://en.wikipedia.org/wiki/Mojiky%C5%8D	Change catalog disposition; do not expose as an encoding.
ENC-1271	MouseText	research_candidate	candidate_probable_alias_or_duplicate	C probable alias/duplicate; identity proof required	resolve_identity_then_alias_or_implement	iconvex_specs	https://en.wikipedia.org/wiki/MouseText	Do not alias yet. Resolve exact revision/profile and prove complete table/state equality; otherwise retain a distinct candidate.
ENC-1275	Murray code	codec_gap	gap_concrete_primary_missing	B concrete codec; authoritative full mapping/profile missing	retain_unimplemented_blocker	iconvex_telecom	https://en.wikipedia.org/wiki/List_of_information_system_character_sets | https://en.wikipedia.org/wiki/Baudot_code	Murray code needs exact alphabet/version, shift-state and framing profile. Do not implement from a tertiary chart. First pin a complete authoritative mapping, byte/state serialization, version, undefined-byte behavior and licensing.
ENC-1277	National Replacement Character Set	research_candidate	candidate_family_split_or_exact_repertoire_no_transport	D family/repertoire; split exact transported children	family_or_repertoire_metadata; implement_named_transported_children_only	iconvex_specs	https://en.wikipedia.org/wiki/National_Replacement_Character_Set	Keep as family/repertoire metadata and enumerate exact children. Only children with a normative byte/state transport become codecs.
ENC-1288	NEC APC character set	codec_gap	gap_concrete_primary_missing	B concrete codec; authoritative full mapping/profile missing	retain_unimplemented_blocker	iconvex_specs	https://www.wikidata.org/wiki/Q35146040 | https://en.wikipedia.org/wiki/NEC_APC_character_set	Do not implement from a tertiary chart. First pin a complete authoritative mapping, byte/state serialization, version, undefined-byte behavior and licensing.
ENC-1295	NSCII	codec_gap	gap_concrete_primary_missing	B concrete codec; authoritative full mapping/profile missing	retain_unimplemented_blocker	iconvex_specs	https://www.wikidata.org/wiki/Q109349916	Do not implement from a tertiary chart. First pin a complete authoritative mapping, byte/state serialization, version, undefined-byte behavior and licensing.
ENC-1306	PCW character set	research_candidate	candidate_existing_alias_or_family_complete	A0 closure via existing canonical implementation/family	alias_or_family_link -> AMSTRAD-CPM-PLUS	iconvex_specs	https://en.wikipedia.org/wiki/PCW_character_set	Close by registering a proven alias or documenting the already complete versioned family; add alias-equivalence tests and inventory linkage, not a duplicate codec. Canonical target: AMSTRAD-CPM-PLUS.
ENC-1311	Popularity of text encodings	research_candidate	candidate_noncodec_reclass	R reclassify non-codec	article/statistic, not an encoding	catalog-only	https://en.wikipedia.org/wiki/Popularity_of_text_encodings	Change catalog disposition to the named non-codec concept; exclude from codec-support totals.
ENC-1315	PostScript Standard Encoding	research_candidate	candidate_existing_alias_or_family_complete	A0 closure via existing canonical implementation/family	alias_or_family_link -> ADOBE-STANDARD-ENCODING	iconvex_specs	https://en.wikipedia.org/wiki/PostScript_Standard_Encoding	Close by registering a proven alias or documenting the already complete versioned family; add alias-equivalence tests and inventory linkage, not a duplicate codec. Canonical target: ADOBE-STANDARD-ENCODING.
ENC-1316	PrintableString	research_candidate	candidate_noncodec_reclass	R reclassify non-codec	ASN.1 repertoire restriction (PrintableString); serialization belongs to BER/DER/etc.	catalog-only	https://en.wikipedia.org/wiki/PrintableString	Change catalog disposition to the named non-codec concept; exclude from codec-support totals.
ENC-1332	RISC OS character set	research_candidate	candidate_existing_alias_or_family_complete	A0 closure via existing canonical implementation/family	alias_or_family_link -> implemented RISC OS child profiles	iconvex_specs	https://en.wikipedia.org/wiki/RISC_OS_character_set	Close by registering a proven alias or documenting the already complete versioned family; add alias-equivalence tests and inventory linkage, not a duplicate codec. Canonical target: implemented RISC OS child profiles.
ENC-1336	RPL character set	codec_gap	gap_concrete_primary_missing	B concrete codec; authoritative full mapping/profile missing	retain_unimplemented_blocker	iconvex_specs	https://www.wikidata.org/wiki/Q28453805 | https://en.wikipedia.org/wiki/RPL_character_set	Do not implement from a tertiary chart. First pin a complete authoritative mapping, byte/state serialization, version, undefined-byte behavior and licensing.
ENC-1337	SAM Coupé character set	research_candidate	candidate_concrete_primary_or_profile_missing	B concrete codec; authoritative full mapping/profile missing	catalog_reclassification	iconvex_specs	https://en.wikipedia.org/wiki/SAM_Coup%C3%A9_character_set	Retain research_candidate until a complete authoritative mapping and exact version/transport are pinned; no tertiary-table implementation.
ENC-1341	Sanyo PHC-25	research_candidate	candidate_concrete_primary_or_profile_missing	B concrete codec; authoritative full mapping/profile missing	catalog_reclassification	iconvex_specs	https://en.wikipedia.org/wiki/Sanyo_PHC-25	Retain research_candidate until a complete authoritative mapping and exact version/transport are pinned; no tertiary-table implementation.
ENC-1344	SEASCII	research_candidate	candidate_probable_alias_or_duplicate	C probable alias/duplicate; identity proof required	resolve_identity_then_alias_or_implement	iconvex_specs	https://en.wikipedia.org/wiki/SEASCII	Likely duplicate of Stanford Extended ASCII; compare against RFC 698 before merging. Do not alias yet. Resolve exact revision/profile and prove complete table/state equality; otherwise retain a distinct candidate.
ENC-1346	Sega SC-3000 character set	codec_gap	gap_concrete_primary_missing	B concrete codec; authoritative full mapping/profile missing	retain_unimplemented_blocker	iconvex_specs	https://www.wikidata.org/wiki/Q65117806 | https://en.wikipedia.org/wiki/Sega_SC-3000_character_set	Do not implement from a tertiary chart. First pin a complete authoritative mapping, byte/state serialization, version, undefined-byte behavior and licensing.
ENC-1347	Semigraphics	research_candidate	candidate_noncodec_reclass	R reclassify non-codec	glyph/repertoire class (semigraphics)	catalog-only	https://en.wikipedia.org/wiki/Semigraphics	Change catalog disposition to the named non-codec concept; exclude from codec-support totals.
ENC-1353	Sharp MZ character set	research_candidate	candidate_concrete_primary_or_profile_missing	B concrete codec; authoritative full mapping/profile missing	catalog_reclassification	iconvex_specs	https://en.wikipedia.org/wiki/Sharp_MZ_character_set	Retain research_candidate until a complete authoritative mapping and exact version/transport are pinned; no tertiary-table implementation.
ENC-1354	Sharp pocket computer character sets	research_candidate	candidate_family_split_or_exact_repertoire_no_transport	D family/repertoire; split exact transported children	family_or_repertoire_metadata; implement_named_transported_children_only	iconvex_specs	https://en.wikipedia.org/wiki/Sharp_pocket_computer_character_sets	Keep as family/repertoire metadata and enumerate exact children. Only children with a normative byte/state transport become codecs.
ENC-1362	Sinhala input methods	research_candidate	candidate_noncodec_reclass	R reclassify non-codec	input method/keyboard layout	catalog-only	https://en.wikipedia.org/wiki/Sinhala_input_methods	Change catalog disposition to the named non-codec concept; exclude from codec-support totals.
ENC-1364	SJ/T 11239–2001	codec_gap	gap_exact_repertoire_no_transport_or_version	D exact repertoire/property but no unique transport/version	family_or_repertoire_metadata; implement_named_transported_children_only	iconvex_specs	https://www.wikidata.org/wiki/Q55683074	Treat as repertoire/profile metadata until a normative serialized transport and exact version are pinned; implement only explicitly named transported children.
ENC-1365	SLOSCII	research_candidate	candidate_probable_alias_or_duplicate	C probable alias/duplicate; identity proof required	resolve_identity_then_alias_or_implement	iconvex_specs	https://en.wikipedia.org/wiki/SLOSCII	Do not alias yet. Resolve exact revision/profile and prove complete table/state equality; otherwise retain a distinct candidate.
ENC-1370	SoftBank emoji	codec_gap	gap_exact_repertoire_no_transport_or_version	D exact repertoire/property but no unique transport/version	family_or_repertoire_metadata; implement_named_transported_children_only	iconvex_telecom	https://www.wikidata.org/wiki/Q17223644	Treat as repertoire/profile metadata until a normative serialized transport and exact version are pinned; implement only explicitly named transported children.
ENC-1372	SRPSCII	research_candidate	candidate_probable_alias_or_duplicate	C probable alias/duplicate; identity proof required	resolve_identity_then_alias_or_implement	iconvex_specs	https://en.wikipedia.org/wiki/SRPSCII	Do not alias yet. Resolve exact revision/profile and prove complete table/state equality; otherwise retain a distinct candidate.
ENC-1391	T.50 (standard)	research_candidate	candidate_probable_alias_or_duplicate	C probable alias/duplicate; identity proof required	resolve_identity_then_alias_or_implement	iconvex_specs	https://en.wikipedia.org/wiki/T.50_%28standard%29	Do not alias yet. Resolve exact revision/profile and prove complete table/state equality; otherwise retain a distinct candidate.
ENC-1408	Thomson EF9345	research_candidate	candidate_concrete_primary_or_profile_missing	B concrete codec; authoritative full mapping/profile missing	catalog_reclassification	iconvex_specs	https://en.wikipedia.org/wiki/Thomson_EF9345	Retain research_candidate until a complete authoritative mapping and exact version/transport are pinned; no tertiary-table implementation.
ENC-1413	Transcode	codec_gap	gap_generic_ambiguous_profile_already_source_qualified	A1 primary exact variants; generic identity ambiguous	retain_generic_gap_and_link_exact_children	iconvex_telecom	https://www.bitsavers.org/pdf/ibm/2780/GA27-3005-3-2780_Data_Terminal_Description_Aug71.pdf and https://www.bitsavers.org/pdf/ibm/datacomm/GA27-3004-2_General_Information_Binary_Synchronous_Communications_Oct70.pdf	Retain the generic family gap because the primary tables disagree at unit 0x0C. Link the implemented IBM-2780-SIX-BIT-TRANSCODE-GA27-3005-3 and IBM-BSC-SIX-BIT-TRANSCODE-GA27-3004-2 children; never claim generic TRANSCODE for either profile.
ENC-1416	TRON	codec_gap	gap_concrete_primary_missing	B concrete codec; authoritative full mapping/profile missing	retain_unimplemented_blocker	iconvex_specs	https://www.wikidata.org/wiki/Q7671450	TRON encoding requires an exact version/profile and serialized form, not a generic family label. Do not implement from a tertiary chart. First pin a complete authoritative mapping, byte/state serialization, version, undefined-byte behavior and licensing.
ENC-1417	TRON (encoding)	research_candidate	candidate_probable_alias_or_duplicate	C probable alias/duplicate; identity proof required	resolve_identity_then_alias_or_implement	iconvex_specs	https://en.wikipedia.org/wiki/TRON_%28encoding%29	Duplicate catalog concept of codec-gap ENC-1406; merge catalog records. Do not alias yet. Resolve exact revision/profile and prove complete table/state equality; otherwise retain a distinct candidate.
ENC-1422	U-PRESS	codec_gap	gap_noncodec_reclass	R reclassify non-codec	font_identity/repertoire convention (U-PRESS cmap/glyph set), not an independent byte codec	catalog-only	https://www.wikidata.org/wiki/Q17190477	Change catalog disposition; do not expose as an encoding.
ENC-1435	Unified Hangul Code	research_candidate	candidate_existing_alias_or_family_complete	A0 closure via existing canonical implementation/family	alias_or_family_link -> CP949/UHC	iconvex core registry	https://en.wikipedia.org/wiki/Unified_Hangul_Code	Close by registering a proven alias or documenting the already complete versioned family; add alias-equivalence tests and inventory linkage, not a duplicate codec. Canonical target: CP949/UHC.
ENC-1442	UNIVAC 1108 punched-card code	codec_gap	gap_blocked_two_unnamed_graphics	B1 secondary reconstruction explicitly leaves two graphics unnamed	retain_unimplemented_blocker	iconvex_specs	https://homepage.cs.uiowa.edu/~jones/cards/codes.html (SHA-256 824e61a9687f7fa0b9c9dd3c966ca02020bf8af1ab6671e9bd2e131f22f47b18); repo:iconvex_specs/priv/sources/ambiguous-primary-codecs/BLOCKERS.md	Do not implement until a primary UNIVAC table or independent exact source identifies the unnamed graphics at punch masks 0x006 and 0x806.
ENC-1445	Universal Coded Character Set	research_candidate	candidate_family_split_or_exact_repertoire_no_transport	D family/repertoire; split exact transported children	family_or_repertoire_metadata; implement_named_transported_children_only	iconvex_specs	https://en.wikipedia.org/wiki/Universal_Coded_Character_Set	Keep as family/repertoire metadata and enumerate exact children. Only children with a normative byte/state transport become codecs.
ENC-1503	Western Latin character sets	research_candidate	candidate_family_split_or_exact_repertoire_no_transport	D family/repertoire; split exact transported children	family_or_repertoire_metadata; implement_named_transported_children_only	iconvex_specs	https://en.wikipedia.org/wiki/Western_Latin_character_sets	Keep as family/repertoire metadata and enumerate exact children. Only children with a normative byte/state transport become codecs.
ENC-1504	Wheatstone punched-tape code	codec_gap	gap_concrete_primary_missing	B concrete codec; authoritative full mapping/profile missing	retain_unimplemented_blocker	iconvex_telecom	https://en.wikipedia.org/wiki/Wheatstone_system	Wheatstone tape needs exact codebook plus physical/framing profile. Do not implement from a tertiary chart. First pin a complete authoritative mapping, byte/state serialization, version, undefined-byte behavior and licensing.
ENC-1506	Windows code page	research_candidate	candidate_family_split_or_exact_repertoire_no_transport	D family/repertoire; split exact transported children	family_or_repertoire_metadata; implement_named_transported_children_only	iconvex_specs	https://en.wikipedia.org/wiki/Windows_code_page	Keep as family/repertoire metadata and enumerate exact children. Only children with a normative byte/state transport become codecs.
ENC-1508	Windows code page 50229	codec_gap	gap_external_hard_blocker	X exact public mapping/state contract absent	retain_unimplemented_blocker	iconvex_specs	repo:iconvex/research/HIGH_PRIORITY_CODEC_GAPS.tsv | https://learn.microsoft.com/en-us/windows/win32/intl/code-page-identifiers	Retain codec_gap and the precise blocker in HIGH_PRIORITY_CODEC_GAPS.tsv; implement only after an exact public mapping/state contract is obtained.
ENC-1513	Windows code page 50936	codec_gap	gap_external_hard_blocker	X exact public mapping/state contract absent	retain_unimplemented_blocker	iconvex_specs	repo:iconvex/research/HIGH_PRIORITY_CODEC_GAPS.tsv | https://learn.microsoft.com/en-us/windows/win32/intl/code-page-identifiers	Retain codec_gap and the precise blocker in HIGH_PRIORITY_CODEC_GAPS.tsv; implement only after an exact public mapping/state contract is obtained.
ENC-1517	Windows code page 709	codec_gap	gap_external_hard_blocker	X exact public mapping/state contract absent	retain_unimplemented_blocker	iconvex_specs	repo:iconvex/research/HIGH_PRIORITY_CODEC_GAPS.tsv | https://learn.microsoft.com/en-us/windows/win32/intl/code-page-identifiers	Retain codec_gap and the precise blocker in HIGH_PRIORITY_CODEC_GAPS.tsv; implement only after an exact public mapping/state contract is obtained.
ENC-1518	Windows code page 710	codec_gap	gap_external_hard_blocker	X exact public mapping/state contract absent	retain_unimplemented_blocker	iconvex_specs	repo:iconvex/research/HIGH_PRIORITY_CODEC_GAPS.tsv | https://learn.microsoft.com/en-us/windows/win32/intl/code-page-identifiers	Retain codec_gap and the precise blocker in HIGH_PRIORITY_CODEC_GAPS.tsv; implement only after an exact public mapping/state contract is obtained.
ENC-1519	Windows Cyrillic + French	research_candidate	candidate_blocked_missing_exact_primary_mapping	B1 complete secondary table; cited primary is keyboard-layout metadata only	retain_unimplemented_blocker	iconvex_specs	https://web.archive.org/web/19970117171123/http://www.gammapro.com/keyboard.html | https://en.wikipedia.org/w/index.php?title=Windows_Cyrillic_%2B_French&oldid=1280437464	The archived GammaPro page identifies a product keyboard layout but supplies no byte-to-Unicode character table, while the revision-pinned secondary table cannot establish a vendor encoding identity by itself. Retain the French candidate until a complete, licensable exact primary byte-to-Unicode mapping is pinned.
ENC-1520	Windows Cyrillic + German	research_candidate	candidate_blocked_missing_exact_primary_mapping	B1 complete secondary table; cited primary is keyboard-layout metadata only	retain_unimplemented_blocker	iconvex_specs	https://web.archive.org/web/19970117171123/http://www.gammapro.com/keyboard.html | https://en.wikipedia.org/w/index.php?title=Windows_Cyrillic_%2B_German&oldid=1287875859	The archived GammaPro page identifies a product keyboard layout but supplies no byte-to-Unicode character table, while the revision-pinned secondary table cannot establish a vendor encoding identity by itself. Retain the German candidate until a complete, licensable exact primary byte-to-Unicode mapping is pinned.
ENC-1617	Xerox Character Code Standard	codec_gap	gap_concrete_primary_missing	B concrete codec; authoritative full mapping/profile missing	retain_unimplemented_blocker	iconvex_specs	https://www.wikidata.org/wiki/Q17651329 | https://en.wikipedia.org/wiki/Xerox_Character_Code_Standard	A complete public primary Xerox Character Code Standard mapping has not been located. Do not implement from a tertiary chart. First pin a complete authoritative mapping, byte/state serialization, version, undefined-byte behavior and licensing.
ENC-0345	CP50220	codec_gap	gap_blocked_license_provenance_conflict	L former support depended on quarantined GPL-derived translation	retain_unimplemented_blocker	iconvex_specs	repo:iconvex_specs/priv/sources/openjdk-iso2022-jp/SOURCE_METADATA.md | IANA MIBenum 2260	Do not reintroduce the quarantined runtime. Implement only from an independent suitably licensed exact mapping and state contract after an explicit provenance review; this disposition is not legal advice.
ENC-1084	ISO_2022,locale=zh,version=2	codec_gap	gap_blocked_license_provenance_conflict	L former support depended on quarantined GPL-derived translation	retain_unimplemented_blocker	iconvex_specs	repo:iconvex_specs/priv/sources/openjdk-iso2022-cn/SOURCE_METADATA.md | icu:ISO_2022,locale=zh,version=2	Do not reintroduce the quarantined runtime. Implement only from an independent suitably licensed exact mapping and state contract after an explicit provenance review; this disposition is not legal advice.
ENC-1585	x-ISO-2022-CN-CNS	codec_gap	gap_blocked_license_provenance_conflict	L source-informed GPL-plus-Classpath translation quarantined from LGPL release	retain_unimplemented_blocker	iconvex_specs	repo:iconvex_specs/priv/sources/openjdk-iso2022-cn/SOURCE_METADATA.md | openjdk:ISO2022_CN_CNS	Do not reintroduce the quarantined runtime. Implement only from an independent suitably licensed exact mapping and state contract after an explicit provenance review; this disposition is not legal advice.
ENC-1586	x-ISO-2022-CN-GB	codec_gap	gap_blocked_license_provenance_conflict	L source-informed GPL-plus-Classpath translation quarantined from LGPL release	retain_unimplemented_blocker	iconvex_specs	repo:iconvex_specs/priv/sources/openjdk-iso2022-cn/SOURCE_METADATA.md | openjdk:ISO2022_CN_GB	Do not reintroduce the quarantined runtime. Implement only from an independent suitably licensed exact mapping and state contract after an explicit provenance review; this disposition is not legal advice.
ENC-1610	x-windows-50220	codec_gap	gap_blocked_license_provenance_conflict	L source-informed GPL-plus-Classpath translation quarantined from LGPL release	retain_unimplemented_blocker	iconvex_specs	repo:iconvex_specs/priv/sources/openjdk-iso2022-jp/SOURCE_METADATA.md | openjdk:MS50220	Do not reintroduce the quarantined runtime. Implement only from an independent suitably licensed exact mapping and state contract after an explicit provenance review; this disposition is not legal advice.
ENC-1611	x-windows-50221	codec_gap	gap_blocked_license_provenance_conflict	L source-informed GPL-plus-Classpath translation quarantined from LGPL release	retain_unimplemented_blocker	iconvex_specs	repo:iconvex_specs/priv/sources/openjdk-iso2022-jp/SOURCE_METADATA.md | openjdk:MS50221	Do not infer this exact OpenJDK profile from Core's separate cp50221 claim. Implement only from an independent suitably licensed exact contract after provenance review; this disposition is not legal advice.
ENC-1614	x-windows-iso2022jp	codec_gap	gap_blocked_license_provenance_conflict	L source-informed GPL-plus-Classpath translation quarantined from LGPL release	retain_unimplemented_blocker	iconvex_specs	repo:iconvex_specs/priv/sources/openjdk-iso2022-jp/SOURCE_METADATA.md | openjdk:MSISO2022JP	Do not reintroduce the quarantined runtime. Implement only from an independent suitably licensed exact mapping and state contract after an explicit provenance review; this disposition is not legal advice.
ENC-1554	x-eucJP-Open	codec_gap	gap_blocked_license_provenance_conflict	L source-informed GPL-plus-Classpath routing and merged table quarantined from LGPL release	retain_unimplemented_blocker	iconvex_specs	repo:iconvex_specs/priv/sources/openjdk-euc-jp-open/SOURCE_METADATA.md | openjdk:EUC_JP_Open	Do not reintroduce the quarantined runtime or generated table. Implement only from an independent suitably licensed exact mapping/state contract after provenance review; the ICU archive ibm-1350 identity is separate and this disposition is not legal advice.
ENC-1606	x-MS950-HKSCS-XP	codec_gap	gap_blocked_license_provenance_conflict	L source-informed GPL-plus-Classpath routing and merged table quarantined from LGPL release	retain_unimplemented_blocker	iconvex_specs	repo:iconvex_specs/priv/sources/openjdk-ms950-hkscs-xp/SOURCE_METADATA.md | openjdk:MS950_HKSCS_XP	Do not reintroduce the quarantined runtime or generated table. Implement only from an independent suitably licensed exact mapping/state contract after an explicit provenance review; this disposition is not legal advice.
