profile,token,unicode,origin
ascii,00,0000,ascii_identity
ascii,01,0001,ascii_identity
ascii,02,0002,ascii_identity
ascii,03,0003,ascii_identity
ascii,04,0004,ascii_identity
ascii,05,0005,ascii_identity
ascii,06,0006,ascii_identity
ascii,07,0007,ascii_identity
ascii,08,0008,ascii_identity
ascii,09,0009,ascii_identity
ascii,0A,000A,ascii_identity
ascii,0B,000B,ascii_identity
ascii,0C,000C,ascii_identity
ascii,0D,000D,ascii_identity
ascii,0E,000E,ascii_identity
ascii,0F,000F,ascii_identity
ascii,10,0010,ascii_identity
ascii,11,0011,ascii_identity
ascii,12,0012,ascii_identity
ascii,13,0013,ascii_identity
ascii,14,0014,ascii_identity
ascii,15,0015,ascii_identity
ascii,16,0016,ascii_identity
ascii,17,0017,ascii_identity
ascii,18,0018,ascii_identity
ascii,19,0019,ascii_identity
ascii,1A,001A,ascii_identity
ascii,1B,001B,ascii_identity
ascii,1C,001C,ascii_identity
ascii,1D,001D,ascii_identity
ascii,1E,001E,ascii_identity
ascii,1F,001F,ascii_identity
ascii,20,0020,ascii_identity
ascii,21,0021,ascii_identity
ascii,22,0022,ascii_identity
ascii,23,0023,ascii_identity
ascii,24,0024,ascii_identity
ascii,25,0025,ascii_identity
ascii,26,0026,ascii_identity
ascii,27,0027,ascii_identity
ascii,28,0028,ascii_identity
ascii,29,0029,ascii_identity
ascii,2A,002A,ascii_identity
ascii,2B,002B,ascii_identity
ascii,2C,002C,ascii_identity
ascii,2D,002D,ascii_identity
ascii,2E,002E,ascii_identity
ascii,2F,002F,ascii_identity
ascii,30,0030,ascii_identity
ascii,31,0031,ascii_identity
ascii,32,0032,ascii_identity
ascii,33,0033,ascii_identity
ascii,34,0034,ascii_identity
ascii,35,0035,ascii_identity
ascii,36,0036,ascii_identity
ascii,37,0037,ascii_identity
ascii,38,0038,ascii_identity
ascii,39,0039,ascii_identity
ascii,3A,003A,ascii_identity
ascii,3B,003B,ascii_identity
ascii,3C,003C,ascii_identity
ascii,3D,003D,ascii_identity
ascii,3E,003E,ascii_identity
ascii,3F,003F,ascii_identity
ascii,40,1EF4,source_vietnamese
ascii,41,0041,ascii_identity
ascii,42,0042,ascii_identity
ascii,43,0043,ascii_identity
ascii,44,0044,ascii_identity
ascii,45,0045,ascii_identity
ascii,46,0046,ascii_identity
ascii,47,0047,ascii_identity
ascii,48,0048,ascii_identity
ascii,49,0049,ascii_identity
ascii,4A,004A,ascii_identity
ascii,4B,004B,ascii_identity
ascii,4C,004C,ascii_identity
ascii,4D,004D,ascii_identity
ascii,4E,004E,ascii_identity
ascii,4F,004F,ascii_identity
ascii,50,0050,ascii_identity
ascii,51,0051,ascii_identity
ascii,52,0052,ascii_identity
ascii,53,0053,ascii_identity
ascii,54,0054,ascii_identity
ascii,55,0055,ascii_identity
ascii,56,0056,ascii_identity
ascii,57,0057,ascii_identity
ascii,58,0058,ascii_identity
ascii,59,0059,ascii_identity
ascii,5A,005A,ascii_identity
ascii,5B,005B,ascii_identity
ascii,5C,005C,ascii_identity
ascii,5D,005D,ascii_identity
ascii,5E,00C1,source_vietnamese
ascii,5F,005F,ascii_identity
ascii,60,00C0,source_vietnamese
ascii,61,0061,ascii_identity
ascii,62,0062,ascii_identity
ascii,63,0063,ascii_identity
ascii,64,0064,ascii_identity
ascii,65,0065,ascii_identity
ascii,66,0066,ascii_identity
ascii,67,0067,ascii_identity
ascii,68,0068,ascii_identity
ascii,69,0069,ascii_identity
ascii,6A,006A,ascii_identity
ascii,6B,006B,ascii_identity
ascii,6C,006C,ascii_identity
ascii,6D,006D,ascii_identity
ascii,6E,006E,ascii_identity
ascii,6F,006F,ascii_identity
ascii,70,0070,ascii_identity
ascii,71,0071,ascii_identity
ascii,72,0072,ascii_identity
ascii,73,0073,ascii_identity
ascii,74,0074,ascii_identity
ascii,75,0075,ascii_identity
ascii,76,0076,ascii_identity
ascii,77,0077,ascii_identity
ascii,78,0078,ascii_identity
ascii,79,0079,ascii_identity
ascii,7A,007A,ascii_identity
ascii,7B,1EB6,source_vietnamese
ascii,7C,1EA2,source_vietnamese
ascii,7D,00C3,source_vietnamese
ascii,7E,1EA0,source_vietnamese
ascii,7F,007F,ascii_identity
ascii,80,1EA4,source_vietnamese
ascii,81,1EBB,source_vietnamese
ascii,82,00E9,source_vietnamese
ascii,83,00E2,source_vietnamese
ascii,84,1EBD,source_vietnamese
ascii,85,00E0,source_vietnamese
ascii,86,1EB9,source_vietnamese
ascii,87,1EA6,source_vietnamese
ascii,88,00EA,source_vietnamese
ascii,89,1EBF,source_vietnamese
ascii,8A,00E8,source_vietnamese
ascii,8B,1EC1,source_vietnamese
ascii,8C,1EA8,source_vietnamese
ascii,8D,00EC,source_vietnamese
ascii,8E,1EC3,source_vietnamese
ascii,8F,1EC5,source_vietnamese
ascii,90,1EAA,source_vietnamese
ascii,91,1ECF,source_vietnamese
ascii,92,00F5,source_vietnamese
ascii,93,00F4,source_vietnamese
ascii,94,1ECD,source_vietnamese
ascii,95,00F2,source_vietnamese
ascii,96,1ED1,source_vietnamese
ascii,97,00F9,source_vietnamese
ascii,98,1ED3,source_vietnamese
ascii,99,1ED5,source_vietnamese
ascii,9A,1ED7,source_vietnamese
ascii,9B,1ED9,source_vietnamese
ascii,9C,1EE7,source_vietnamese
ascii,9D,0169,source_vietnamese
ascii,9E,1EE5,source_vietnamese
ascii,9F,01B0,source_vietnamese
ascii,A1,00ED,source_vietnamese
ascii,A2,00F3,source_vietnamese
ascii,A3,00FA,source_vietnamese
ascii,A4,1EE9,source_vietnamese
ascii,A5,1EEB,source_vietnamese
ascii,A6,1EED,source_vietnamese
ascii,A7,1EEF,source_vietnamese
ascii,A8,1EF1,source_vietnamese
ascii,A9,1EC9,source_vietnamese
ascii,AA,0129,source_vietnamese
ascii,AB,1ECB,source_vietnamese
ascii,AC,1EC7,source_vietnamese
ascii,AD,0111,source_vietnamese
ascii,AE,0110,source_vietnamese
ascii,AF,1EAC,source_vietnamese
ascii,B0,1EAE,source_vietnamese
ascii,B1,1EB0,source_vietnamese
ascii,B2,1EB2,source_vietnamese
ascii,B3,1EB4,source_vietnamese
ascii,B4,00C9,source_vietnamese
ascii,B5,00C8,source_vietnamese
ascii,B6,1EBA,source_vietnamese
ascii,B7,1EBC,source_vietnamese
ascii,B8,1EB8,source_vietnamese
ascii,B9,1EBE,source_vietnamese
ascii,BA,1EC0,source_vietnamese
ascii,BB,1EC2,source_vietnamese
ascii,BC,1EC4,source_vietnamese
ascii,BD,1EC6,source_vietnamese
ascii,BE,00CD,source_vietnamese
ascii,BF,00CC,source_vietnamese
ascii,C0,1EC8,source_vietnamese
ascii,C1,0128,source_vietnamese
ascii,C2,1ECA,source_vietnamese
ascii,C3,00D3,source_vietnamese
ascii,C4,00D2,source_vietnamese
ascii,C5,1ECE,source_vietnamese
ascii,C6,00D5,source_vietnamese
ascii,C7,1ECC,source_vietnamese
ascii,C8,1ED0,source_vietnamese
ascii,C9,1ED2,source_vietnamese
ascii,CA,1ED4,source_vietnamese
ascii,CB,1ED6,source_vietnamese
ascii,CC,1ED8,source_vietnamese
ascii,CD,1EDA,source_vietnamese
ascii,CE,1EDC,source_vietnamese
ascii,CF,1EDE,source_vietnamese
ascii,D0,1EE0,source_vietnamese
ascii,D1,1EE2,source_vietnamese
ascii,D2,00DA,source_vietnamese
ascii,D3,00D9,source_vietnamese
ascii,D4,1EE6,source_vietnamese
ascii,D5,0168,source_vietnamese
ascii,D6,1EE4,source_vietnamese
ascii,D7,1EE8,source_vietnamese
ascii,D8,1EEA,source_vietnamese
ascii,D9,1EEC,source_vietnamese
ascii,DA,1EEE,source_vietnamese
ascii,DB,1EF0,source_vietnamese
ascii,DC,00DD,source_vietnamese
ascii,DD,1EF2,source_vietnamese
ascii,DE,1EF6,source_vietnamese
ascii,DF,1EF8,source_vietnamese
ascii,E0,1EA3,source_vietnamese
ascii,E1,00E3,source_vietnamese
ascii,E2,1EA1,source_vietnamese
ascii,E3,1EA5,source_vietnamese
ascii,E4,1EA7,source_vietnamese
ascii,E5,1EA9,source_vietnamese
ascii,E6,1EAB,source_vietnamese
ascii,E7,1EAD,source_vietnamese
ascii,E8,0103,source_vietnamese
ascii,E9,1EAF,source_vietnamese
ascii,EA,1EB1,source_vietnamese
ascii,EB,1EB3,source_vietnamese
ascii,EC,1EB5,source_vietnamese
ascii,ED,1EB7,source_vietnamese
ascii,EE,00FD,source_vietnamese
ascii,EF,1EF3,source_vietnamese
ascii,F0,1EF7,source_vietnamese
ascii,F1,1EF9,source_vietnamese
ascii,F2,1EF5,source_vietnamese
ascii,F3,01A1,source_vietnamese
ascii,F4,1EDB,source_vietnamese
ascii,F5,1EDD,source_vietnamese
ascii,F6,1EDF,source_vietnamese
ascii,F7,1EE1,source_vietnamese
ascii,F8,1EE3,source_vietnamese
ascii,F9,00D4,source_vietnamese
ascii,FA,01A0,source_vietnamese
ascii,FB,01AF,source_vietnamese
ascii,FC,0102,source_vietnamese
ascii,FD,00C2,source_vietnamese
ascii,FE,00CA,source_vietnamese
ascii,FF,00E1,source_vietnamese
ansi,00,0000,ascii_identity
ansi,01,0001,ascii_identity
ansi,02,0002,ascii_identity
ansi,03,0003,ascii_identity
ansi,04,0004,ascii_identity
ansi,05,0005,ascii_identity
ansi,06,0006,ascii_identity
ansi,07,0007,ascii_identity
ansi,08,0008,ascii_identity
ansi,09,0009,ascii_identity
ansi,0A,000A,ascii_identity
ansi,0B,000B,ascii_identity
ansi,0C,000C,ascii_identity
ansi,0D,000D,ascii_identity
ansi,0E,000E,ascii_identity
ansi,0F,000F,ascii_identity
ansi,10,0010,ascii_identity
ansi,11,0011,ascii_identity
ansi,12,0012,ascii_identity
ansi,13,0013,ascii_identity
ansi,14,0014,ascii_identity
ansi,15,0015,ascii_identity
ansi,16,0016,ascii_identity
ansi,17,0017,ascii_identity
ansi,18,0018,ascii_identity
ansi,19,0019,ascii_identity
ansi,1A,001A,ascii_identity
ansi,1B,001B,ascii_identity
ansi,1C,001C,ascii_identity
ansi,1D,001D,ascii_identity
ansi,1E,001E,ascii_identity
ansi,1F,001F,ascii_identity
ansi,20,0020,ascii_identity
ansi,21,0021,ascii_identity
ansi,22,0022,ascii_identity
ansi,23,0023,ascii_identity
ansi,24,0024,ascii_identity
ansi,25,0025,ascii_identity
ansi,26,0026,ascii_identity
ansi,27,0027,ascii_identity
ansi,28,0028,ascii_identity
ansi,29,0029,ascii_identity
ansi,2A,002A,ascii_identity
ansi,2B,002B,ascii_identity
ansi,2C,002C,ascii_identity
ansi,2D,002D,ascii_identity
ansi,2E,002E,ascii_identity
ansi,2F,002F,ascii_identity
ansi,30,0030,ascii_identity
ansi,31,0031,ascii_identity
ansi,32,0032,ascii_identity
ansi,33,0033,ascii_identity
ansi,34,0034,ascii_identity
ansi,35,0035,ascii_identity
ansi,36,0036,ascii_identity
ansi,37,0037,ascii_identity
ansi,38,0038,ascii_identity
ansi,39,0039,ascii_identity
ansi,3A,003A,ascii_identity
ansi,3B,003B,ascii_identity
ansi,3C,003C,ascii_identity
ansi,3D,003D,ascii_identity
ansi,3E,003E,ascii_identity
ansi,3F,003F,ascii_identity
ansi,40,0040,ascii_identity
ansi,41,0041,ascii_identity
ansi,41C0,1EA6,source_vietnamese
ansi,41C1,1EA4,source_vietnamese
ansi,41C2,00C2,source_vietnamese
ansi,41C3,1EAA,source_vietnamese
ansi,41C4,1EAC,source_vietnamese
ansi,41C5,1EA8,source_vietnamese
ansi,41C8,1EB0,source_vietnamese
ansi,41C9,1EAE,source_vietnamese
ansi,41CA,0102,source_vietnamese
ansi,41CB,1EB6,source_vietnamese
ansi,41CF,1EA0,source_vietnamese
ansi,41D5,00C3,source_vietnamese
ansi,41D8,00C0,source_vietnamese
ansi,41D9,00C1,source_vietnamese
ansi,41DA,1EB2,source_vietnamese
ansi,41DB,1EA2,source_vietnamese
ansi,41DC,1EB4,source_vietnamese
ansi,42,0042,ascii_identity
ansi,43,0043,ascii_identity
ansi,44,0044,ascii_identity
ansi,45,0045,ascii_identity
ansi,45C0,1EC0,source_vietnamese
ansi,45C1,1EBE,source_vietnamese
ansi,45C2,00CA,source_vietnamese
ansi,45C3,1EC4,source_vietnamese
ansi,45C4,1EC6,source_vietnamese
ansi,45C5,1EC2,source_vietnamese
ansi,45CF,1EB8,source_vietnamese
ansi,45D5,1EBC,source_vietnamese
ansi,45D8,00C8,source_vietnamese
ansi,45D9,00C9,source_vietnamese
ansi,45DB,1EBA,source_vietnamese
ansi,46,0046,ascii_identity
ansi,47,0047,ascii_identity
ansi,48,0048,ascii_identity
ansi,49,0049,ascii_identity
ansi,4A,004A,ascii_identity
ansi,4B,004B,ascii_identity
ansi,4C,004C,ascii_identity
ansi,4D,004D,ascii_identity
ansi,4E,004E,ascii_identity
ansi,4F,004F,ascii_identity
ansi,4FC0,1ED2,source_vietnamese
ansi,4FC1,1ED0,source_vietnamese
ansi,4FC2,00D4,source_vietnamese
ansi,4FC3,1ED6,source_vietnamese
ansi,4FC4,1ED8,source_vietnamese
ansi,4FC5,1ED4,source_vietnamese
ansi,4FCF,1ECC,source_vietnamese
ansi,4FD5,00D5,source_vietnamese
ansi,4FD8,00D2,source_vietnamese
ansi,4FD9,00D3,source_vietnamese
ansi,4FDB,1ECE,source_vietnamese
ansi,50,0050,ascii_identity
ansi,51,0051,ascii_identity
ansi,52,0052,ascii_identity
ansi,53,0053,ascii_identity
ansi,54,0054,ascii_identity
ansi,55,0055,ascii_identity
ansi,55CF,1EE4,source_vietnamese
ansi,55D5,0168,source_vietnamese
ansi,55D8,00D9,source_vietnamese
ansi,55D9,00DA,source_vietnamese
ansi,55DB,1EE6,source_vietnamese
ansi,56,0056,ascii_identity
ansi,57,0057,ascii_identity
ansi,58,0058,ascii_identity
ansi,59,0059,ascii_identity
ansi,59CF,1EF4,source_vietnamese
ansi,59D5,1EF8,source_vietnamese
ansi,59D8,1EF2,source_vietnamese
ansi,59D9,00DD,source_vietnamese
ansi,59DB,1EF6,source_vietnamese
ansi,5A,005A,ascii_identity
ansi,5B,005B,ascii_identity
ansi,5C,005C,ascii_identity
ansi,5D,005D,ascii_identity
ansi,5E,005E,ascii_identity
ansi,5F,005F,ascii_identity
ansi,60,0060,ascii_identity
ansi,61,0061,ascii_identity
ansi,61E0,1EA7,source_vietnamese
ansi,61E1,1EA5,source_vietnamese
ansi,61E2,00E2,source_vietnamese
ansi,61E3,1EAB,source_vietnamese
ansi,61E4,1EAD,source_vietnamese
ansi,61E5,1EA9,source_vietnamese
ansi,61E8,1EB1,source_vietnamese
ansi,61E9,1EAF,source_vietnamese
ansi,61EA,0103,source_vietnamese
ansi,61EB,1EB7,source_vietnamese
ansi,61EF,1EA1,source_vietnamese
ansi,61F5,00E3,source_vietnamese
ansi,61F8,00E0,source_vietnamese
ansi,61F9,00E1,source_vietnamese
ansi,61FA,1EB3,source_vietnamese
ansi,61FB,1EA3,source_vietnamese
ansi,61FC,1EB5,source_vietnamese
ansi,62,0062,ascii_identity
ansi,63,0063,ascii_identity
ansi,64,0064,ascii_identity
ansi,65,0065,ascii_identity
ansi,65E0,1EC1,source_vietnamese
ansi,65E1,1EBF,source_vietnamese
ansi,65E2,00EA,source_vietnamese
ansi,65E3,1EC5,source_vietnamese
ansi,65E4,1EC7,source_vietnamese
ansi,65E5,1EC3,source_vietnamese
ansi,65EF,1EB9,source_vietnamese
ansi,65F5,1EBD,source_vietnamese
ansi,65F8,00E8,source_vietnamese
ansi,65F9,00E9,source_vietnamese
ansi,65FB,1EBB,source_vietnamese
ansi,66,0066,ascii_identity
ansi,67,0067,ascii_identity
ansi,68,0068,ascii_identity
ansi,69,0069,ascii_identity
ansi,6A,006A,ascii_identity
ansi,6B,006B,ascii_identity
ansi,6C,006C,ascii_identity
ansi,6D,006D,ascii_identity
ansi,6E,006E,ascii_identity
ansi,6F,006F,ascii_identity
ansi,6FE0,1ED3,source_vietnamese
ansi,6FE1,1ED1,source_vietnamese
ansi,6FE2,00F4,source_vietnamese
ansi,6FE3,1ED7,source_vietnamese
ansi,6FE4,1ED9,source_vietnamese
ansi,6FE5,1ED5,source_vietnamese
ansi,6FEF,1ECD,source_vietnamese
ansi,6FF5,00F5,source_vietnamese
ansi,6FF8,00F2,source_vietnamese
ansi,6FF9,00F3,source_vietnamese
ansi,6FFB,1ECF,source_vietnamese
ansi,70,0070,ascii_identity
ansi,71,0071,ascii_identity
ansi,72,0072,ascii_identity
ansi,73,0073,ascii_identity
ansi,74,0074,ascii_identity
ansi,75,0075,ascii_identity
ansi,75EF,1EE5,source_vietnamese
ansi,75F5,0169,source_vietnamese
ansi,75F8,00F9,source_vietnamese
ansi,75F9,00FA,source_vietnamese
ansi,75FB,1EE7,source_vietnamese
ansi,76,0076,ascii_identity
ansi,77,0077,ascii_identity
ansi,78,0078,ascii_identity
ansi,79,0079,ascii_identity
ansi,79EF,1EF5,source_vietnamese
ansi,79F5,1EF9,source_vietnamese
ansi,79F8,1EF3,source_vietnamese
ansi,79F9,00FD,source_vietnamese
ansi,79FB,1EF7,source_vietnamese
ansi,7A,007A,ascii_identity
ansi,7B,007B,ascii_identity
ansi,7C,007C,ascii_identity
ansi,7D,007D,ascii_identity
ansi,7E,007E,ascii_identity
ansi,7F,007F,ascii_identity
ansi,C6,1EC8,source_vietnamese
ansi,CC,00CC,source_vietnamese
ansi,CD,00CD,source_vietnamese
ansi,D1,0110,source_vietnamese
ansi,D2,1ECA,source_vietnamese
ansi,D3,0128,source_vietnamese
ansi,D4,01A0,source_vietnamese
ansi,D4CF,1EE2,source_vietnamese
ansi,D4D5,1EE0,source_vietnamese
ansi,D4D8,1EDC,source_vietnamese
ansi,D4D9,1EDA,source_vietnamese
ansi,D4DB,1EDE,source_vietnamese
ansi,D6,01AF,source_vietnamese
ansi,D6CF,1EF0,source_vietnamese
ansi,D6D5,1EEE,source_vietnamese
ansi,D6D8,1EEA,source_vietnamese
ansi,D6D9,1EE8,source_vietnamese
ansi,D6DB,1EEC,source_vietnamese
ansi,E6,1EC9,source_vietnamese
ansi,EC,00EC,source_vietnamese
ansi,ED,00ED,source_vietnamese
ansi,F1,0111,source_vietnamese
ansi,F2,1ECB,source_vietnamese
ansi,F3,0129,source_vietnamese
ansi,F4,01A1,source_vietnamese
ansi,F4EF,1EE3,source_vietnamese
ansi,F4F5,1EE1,source_vietnamese
ansi,F4F8,1EDD,source_vietnamese
ansi,F4F9,1EDB,source_vietnamese
ansi,F4FB,1EDF,source_vietnamese
ansi,F6,01B0,source_vietnamese
ansi,F6EF,1EF1,source_vietnamese
ansi,F6F5,1EEF,source_vietnamese
ansi,F6F8,1EEB,source_vietnamese
ansi,F6F9,1EE9,source_vietnamese
ansi,F6FB,1EED,source_vietnamese
mac,00,0000,ascii_identity
mac,01,0001,ascii_identity
mac,02,0002,ascii_identity
mac,03,0003,ascii_identity
mac,04,0004,ascii_identity
mac,05,0005,ascii_identity
mac,06,0006,ascii_identity
mac,07,0007,ascii_identity
mac,08,0008,ascii_identity
mac,09,0009,ascii_identity
mac,0A,000A,ascii_identity
mac,0B,000B,ascii_identity
mac,0C,000C,ascii_identity
mac,0D,000D,ascii_identity
mac,0E,000E,ascii_identity
mac,0F,000F,ascii_identity
mac,10,0010,ascii_identity
mac,11,0011,ascii_identity
mac,12,0012,ascii_identity
mac,13,0013,ascii_identity
mac,14,0014,ascii_identity
mac,15,0015,ascii_identity
mac,16,0016,ascii_identity
mac,17,0017,ascii_identity
mac,18,0018,ascii_identity
mac,19,0019,ascii_identity
mac,1A,001A,ascii_identity
mac,1B,001B,ascii_identity
mac,1C,001C,ascii_identity
mac,1D,001D,ascii_identity
mac,1E,001E,ascii_identity
mac,1F,001F,ascii_identity
mac,20,0020,ascii_identity
mac,21,0021,ascii_identity
mac,22,0022,ascii_identity
mac,23,0023,ascii_identity
mac,24,0024,ascii_identity
mac,25,0025,ascii_identity
mac,26,0026,ascii_identity
mac,27,0027,ascii_identity
mac,28,0028,ascii_identity
mac,29,0029,ascii_identity
mac,2A,002A,ascii_identity
mac,2B,002B,ascii_identity
mac,2C,002C,ascii_identity
mac,2D,002D,ascii_identity
mac,2E,002E,ascii_identity
mac,2F,002F,ascii_identity
mac,30,0030,ascii_identity
mac,31,0031,ascii_identity
mac,32,0032,ascii_identity
mac,33,0033,ascii_identity
mac,34,0034,ascii_identity
mac,35,0035,ascii_identity
mac,36,0036,ascii_identity
mac,37,0037,ascii_identity
mac,38,0038,ascii_identity
mac,39,0039,ascii_identity
mac,3A,003A,ascii_identity
mac,3B,003B,ascii_identity
mac,3C,003C,ascii_identity
mac,3D,003D,ascii_identity
mac,3E,003E,ascii_identity
mac,3F,003F,ascii_identity
mac,40,0040,ascii_identity
mac,41,0041,ascii_identity
mac,4180,1EAC,source_vietnamese
mac,4181,1EA8,source_vietnamese
mac,4183,1EAE,source_vietnamese
mac,4186,1EB4,source_vietnamese
mac,41AF,00C0,source_vietnamese
mac,41CB,1EA6,source_vietnamese
mac,41CC,1EAA,source_vietnamese
mac,41CD,00C3,source_vietnamese
mac,41E5,00C2,source_vietnamese
mac,41E6,0102,source_vietnamese
mac,41E7,1EA4,source_vietnamese
mac,41E8,1EB6,source_vietnamese
mac,41E9,1EB0,source_vietnamese
mac,41EC,1EA0,source_vietnamese
mac,41F2,1EB2,source_vietnamese
mac,41F3,1EA2,source_vietnamese
mac,41F4,00C1,source_vietnamese
mac,42,0042,ascii_identity
mac,43,0043,ascii_identity
mac,44,0044,ascii_identity
mac,45,0045,ascii_identity
mac,4580,1EC6,source_vietnamese
mac,4581,1EC2,source_vietnamese
mac,45AF,00C8,source_vietnamese
mac,45CB,1EC0,source_vietnamese
mac,45CC,1EC4,source_vietnamese
mac,45CD,1EBC,source_vietnamese
mac,45E5,00CA,source_vietnamese
mac,45E7,1EBE,source_vietnamese
mac,45EC,1EB8,source_vietnamese
mac,45F3,1EBA,source_vietnamese
mac,45F4,00C9,source_vietnamese
mac,46,0046,ascii_identity
mac,47,0047,ascii_identity
mac,48,0048,ascii_identity
mac,49,0049,ascii_identity
mac,4A,004A,ascii_identity
mac,4B,004B,ascii_identity
mac,4C,004C,ascii_identity
mac,4D,004D,ascii_identity
mac,4E,004E,ascii_identity
mac,4F,004F,ascii_identity
mac,4F80,1ED8,source_vietnamese
mac,4F81,1ED4,source_vietnamese
mac,4FAF,00D2,source_vietnamese
mac,4FCB,1ED2,source_vietnamese
mac,4FCC,1ED6,source_vietnamese
mac,4FCD,00D5,source_vietnamese
mac,4FE5,00D4,source_vietnamese
mac,4FE7,1ED0,source_vietnamese
mac,4FEC,1ECC,source_vietnamese
mac,4FF3,1ECE,source_vietnamese
mac,4FF4,00D3,source_vietnamese
mac,50,0050,ascii_identity
mac,51,0051,ascii_identity
mac,52,0052,ascii_identity
mac,53,0053,ascii_identity
mac,54,0054,ascii_identity
mac,55,0055,ascii_identity
mac,55AF,00D9,source_vietnamese
mac,55CD,0168,source_vietnamese
mac,55EC,1EE4,source_vietnamese
mac,55F3,1EE6,source_vietnamese
mac,55F4,00DA,source_vietnamese
mac,56,0056,ascii_identity
mac,57,0057,ascii_identity
mac,58,0058,ascii_identity
mac,59,0059,ascii_identity
mac,59AF,1EF2,source_vietnamese
mac,59CD,1EF8,source_vietnamese
mac,59EC,1EF4,source_vietnamese
mac,59F3,1EF6,source_vietnamese
mac,59F4,00DD,source_vietnamese
mac,5A,005A,ascii_identity
mac,5B,005B,ascii_identity
mac,5C,005C,ascii_identity
mac,5D,005D,ascii_identity
mac,5E,005E,ascii_identity
mac,5F,005F,ascii_identity
mac,60,0060,ascii_identity
mac,61,0061,ascii_identity
mac,6187,1EA5,source_vietnamese
mac,6188,1EA7,source_vietnamese
mac,6189,00E2,source_vietnamese
mac,618A,1EAD,source_vietnamese
mac,618B,1EAB,source_vietnamese
mac,618C,1EA9,source_vietnamese
mac,618E,1EAF,source_vietnamese
mac,618F,1EB1,source_vietnamese
mac,6190,0103,source_vietnamese
mac,6191,1EB7,source_vietnamese
mac,6195,1EA1,source_vietnamese
mac,619B,00E3,source_vietnamese
mac,619C,1EB3,source_vietnamese
mac,619D,00E1,source_vietnamese
mac,619E,1EA3,source_vietnamese
mac,619F,1EB5,source_vietnamese
mac,61BF,00E0,source_vietnamese
mac,62,0062,ascii_identity
mac,63,0063,ascii_identity
mac,64,0064,ascii_identity
mac,65,0065,ascii_identity
mac,6587,1EBF,source_vietnamese
mac,6588,1EC1,source_vietnamese
mac,6589,00EA,source_vietnamese
mac,658A,1EC7,source_vietnamese
mac,658B,1EC5,source_vietnamese
mac,658C,1EC3,source_vietnamese
mac,6595,1EB9,source_vietnamese
mac,659B,1EBD,source_vietnamese
mac,659D,00E9,source_vietnamese
mac,659E,1EBB,source_vietnamese
mac,65BF,00E8,source_vietnamese
mac,66,0066,ascii_identity
mac,67,0067,ascii_identity
mac,68,0068,ascii_identity
mac,69,0069,ascii_identity
mac,6A,006A,ascii_identity
mac,6B,006B,ascii_identity
mac,6C,006C,ascii_identity
mac,6D,006D,ascii_identity
mac,6E,006E,ascii_identity
mac,6F,006F,ascii_identity
mac,6F87,1ED1,source_vietnamese
mac,6F88,1ED3,source_vietnamese
mac,6F89,00F4,source_vietnamese
mac,6F8A,1ED9,source_vietnamese
mac,6F8B,1ED7,source_vietnamese
mac,6F8C,1ED5,source_vietnamese
mac,6F95,1ECD,source_vietnamese
mac,6F9B,00F5,source_vietnamese
mac,6F9D,00F3,source_vietnamese
mac,6F9E,1ECF,source_vietnamese
mac,6FBF,00F2,source_vietnamese
mac,70,0070,ascii_identity
mac,71,0071,ascii_identity
mac,72,0072,ascii_identity
mac,73,0073,ascii_identity
mac,74,0074,ascii_identity
mac,75,0075,ascii_identity
mac,7595,1EE5,source_vietnamese
mac,759B,0169,source_vietnamese
mac,759D,00FA,source_vietnamese
mac,759E,1EE7,source_vietnamese
mac,75BF,00F9,source_vietnamese
mac,76,0076,ascii_identity
mac,77,0077,ascii_identity
mac,78,0078,ascii_identity
mac,79,0079,ascii_identity
mac,7995,1EF5,source_vietnamese
mac,799B,1EF9,source_vietnamese
mac,799D,00FD,source_vietnamese
mac,799E,1EF7,source_vietnamese
mac,79BF,1EF3,source_vietnamese
mac,7A,007A,ascii_identity
mac,7B,007B,ascii_identity
mac,7C,007C,ascii_identity
mac,7D,007D,ascii_identity
mac,7E,007E,ascii_identity
mac,7F,007F,ascii_identity
mac,84,0110,source_vietnamese
mac,85,01AF,source_vietnamese
mac,85AF,1EEA,source_vietnamese
mac,85CD,1EEE,source_vietnamese
mac,85EC,1EF0,source_vietnamese
mac,85F3,1EEC,source_vietnamese
mac,85F4,1EE8,source_vietnamese
mac,92,00ED,source_vietnamese
mac,93,00EC,source_vietnamese
mac,96,0111,source_vietnamese
mac,97,0129,source_vietnamese
mac,98,1ECB,source_vietnamese
mac,99,01A1,source_vietnamese
mac,9995,1EE3,source_vietnamese
mac,999B,1EE1,source_vietnamese
mac,999D,1EDB,source_vietnamese
mac,999E,1EDF,source_vietnamese
mac,99BF,1EDD,source_vietnamese
mac,9A,01B0,source_vietnamese
mac,9A95,1EF1,source_vietnamese
mac,9A9B,1EEF,source_vietnamese
mac,9A9D,1EE9,source_vietnamese
mac,9A9E,1EED,source_vietnamese
mac,9ABF,1EEB,source_vietnamese
mac,AE,1EC8,source_vietnamese
mac,BE,1EC9,source_vietnamese
mac,EA,00CD,source_vietnamese
mac,ED,00CC,source_vietnamese
mac,EE,0128,source_vietnamese
mac,EF,01A0,source_vietnamese
mac,EFAF,1EDC,source_vietnamese
mac,EFCD,1EE0,source_vietnamese
mac,EFEC,1EE2,source_vietnamese
mac,EFF3,1EDE,source_vietnamese
mac,EFF4,1EDA,source_vietnamese
mac,F1,1ECA,source_vietnamese
email,00,0000,ascii_identity
email,01,0001,ascii_identity
email,02,0002,ascii_identity
email,03,0003,ascii_identity
email,04,0004,ascii_identity
email,05,0005,ascii_identity
email,06,0006,ascii_identity
email,07,0007,ascii_identity
email,08,0008,ascii_identity
email,09,0009,ascii_identity
email,0A,000A,ascii_identity
email,0B,000B,ascii_identity
email,0C,000C,ascii_identity
email,0D,000D,ascii_identity
email,0E,000E,ascii_identity
email,0F,000F,ascii_identity
email,10,0010,ascii_identity
email,11,0011,ascii_identity
email,12,0012,ascii_identity
email,13,0013,ascii_identity
email,14,0014,ascii_identity
email,15,0015,ascii_identity
email,16,0016,ascii_identity
email,17,0017,ascii_identity
email,18,0018,ascii_identity
email,19,0019,ascii_identity
email,1A,001A,ascii_identity
email,1B,001B,ascii_identity
email,1C,001C,ascii_identity
email,1D,001D,ascii_identity
email,1E,001E,ascii_identity
email,1F,001F,ascii_identity
email,20,0020,ascii_identity
email,21,0021,ascii_identity
email,22,0022,ascii_identity
email,23,0023,ascii_identity
email,24,0024,ascii_identity
email,25,0025,ascii_identity
email,26,0026,ascii_identity
email,27,0027,ascii_identity
email,28,0028,ascii_identity
email,29,0029,ascii_identity
email,2A,002A,ascii_identity
email,2B,002B,ascii_identity
email,2C,002C,ascii_identity
email,2D,002D,ascii_identity
email,2E,002E,ascii_identity
email,2F,002F,ascii_identity
email,30,0030,ascii_identity
email,31,0031,ascii_identity
email,32,0032,ascii_identity
email,33,0033,ascii_identity
email,34,0034,ascii_identity
email,35,0035,ascii_identity
email,36,0036,ascii_identity
email,37,0037,ascii_identity
email,38,0038,ascii_identity
email,39,0039,ascii_identity
email,3A,003A,ascii_identity
email,3B,003B,ascii_identity
email,3C,003C,ascii_identity
email,3D,003D,ascii_identity
email,3E,003E,ascii_identity
email,3F,003F,ascii_identity
email,40,0040,ascii_identity
email,41,0041,ascii_identity
email,4127,00C1,source_vietnamese
email,415E,00C2,source_vietnamese
email,415E27,1EA4,source_vietnamese
email,415E60,1EA6,source_vietnamese
email,415E7B,1EA8,source_vietnamese
email,415E7D,1EAC,source_vietnamese
email,415E7E,1EAA,source_vietnamese
email,4160,00C0,source_vietnamese
email,417B,1EA2,source_vietnamese
email,417C,0102,source_vietnamese
email,417C27,1EAE,source_vietnamese
email,417C60,1EB0,source_vietnamese
email,417C7B,1EB2,source_vietnamese
email,417C7D,1EB6,source_vietnamese
email,417C7E,1EB4,source_vietnamese
email,417D,1EA0,source_vietnamese
email,417E,00C3,source_vietnamese
email,42,0042,ascii_identity
email,43,0043,ascii_identity
email,44,0044,ascii_identity
email,445F,0110,source_vietnamese
email,45,0045,ascii_identity
email,4527,00C9,source_vietnamese
email,455E,00CA,source_vietnamese
email,455E27,1EBE,source_vietnamese
email,455E60,1EC0,source_vietnamese
email,455E7B,1EC2,source_vietnamese
email,455E7D,1EC6,source_vietnamese
email,455E7E,1EC4,source_vietnamese
email,4560,00C8,source_vietnamese
email,457B,1EBA,source_vietnamese
email,457D,1EB8,source_vietnamese
email,457E,1EBC,source_vietnamese
email,46,0046,ascii_identity
email,47,0047,ascii_identity
email,48,0048,ascii_identity
email,49,0049,ascii_identity
email,4927,00CD,source_vietnamese
email,4960,00CC,source_vietnamese
email,497B,1EC8,source_vietnamese
email,497D,1ECA,source_vietnamese
email,497E,0128,source_vietnamese
email,4A,004A,ascii_identity
email,4B,004B,ascii_identity
email,4C,004C,ascii_identity
email,4D,004D,ascii_identity
email,4E,004E,ascii_identity
email,4F,004F,ascii_identity
email,4F27,00D3,source_vietnamese
email,4F2A,01A0,source_vietnamese
email,4F2A27,1EDA,source_vietnamese
email,4F2A60,1EDC,source_vietnamese
email,4F2A7B,1EDE,source_vietnamese
email,4F2A7D,1EE2,source_vietnamese
email,4F2A7E,1EE0,source_vietnamese
email,4F5E,00D4,source_vietnamese
email,4F5E27,1ED0,source_vietnamese
email,4F5E60,1ED2,source_vietnamese
email,4F5E7B,1ED4,source_vietnamese
email,4F5E7D,1ED8,source_vietnamese
email,4F5E7E,1ED6,source_vietnamese
email,4F60,00D2,source_vietnamese
email,4F7B,1ECE,source_vietnamese
email,4F7D,1ECC,source_vietnamese
email,4F7E,00D5,source_vietnamese
email,50,0050,ascii_identity
email,51,0051,ascii_identity
email,52,0052,ascii_identity
email,53,0053,ascii_identity
email,54,0054,ascii_identity
email,55,0055,ascii_identity
email,5527,00DA,source_vietnamese
email,552A,01AF,source_vietnamese
email,552A27,1EE8,source_vietnamese
email,552A60,1EEA,source_vietnamese
email,552A7B,1EEC,source_vietnamese
email,552A7D,1EF0,source_vietnamese
email,552A7E,1EEE,source_vietnamese
email,5560,00D9,source_vietnamese
email,557B,1EE6,source_vietnamese
email,557D,1EE4,source_vietnamese
email,557E,0168,source_vietnamese
email,56,0056,ascii_identity
email,57,0057,ascii_identity
email,58,0058,ascii_identity
email,59,0059,ascii_identity
email,5927,00DD,source_vietnamese
email,5960,1EF2,source_vietnamese
email,597B,1EF6,source_vietnamese
email,597D,1EF4,source_vietnamese
email,597E,1EF8,source_vietnamese
email,5A,005A,ascii_identity
email,5B,005B,ascii_identity
email,5C,005C,ascii_identity
email,5D,005D,ascii_identity
email,5E,005E,ascii_identity
email,5F,005F,ascii_identity
email,60,0060,ascii_identity
email,61,0061,ascii_identity
email,6127,00E1,source_vietnamese
email,615E,00E2,source_vietnamese
email,615E27,1EA5,source_vietnamese
email,615E60,1EA7,source_vietnamese
email,615E7B,1EA9,source_vietnamese
email,615E7D,1EAD,source_vietnamese
email,615E7E,1EAB,source_vietnamese
email,6160,00E0,source_vietnamese
email,617B,1EA3,source_vietnamese
email,617C,0103,source_vietnamese
email,617C27,1EAF,source_vietnamese
email,617C60,1EB1,source_vietnamese
email,617C7B,1EB3,source_vietnamese
email,617C7D,1EB7,source_vietnamese
email,617C7E,1EB5,source_vietnamese
email,617D,1EA1,source_vietnamese
email,617E,00E3,source_vietnamese
email,62,0062,ascii_identity
email,63,0063,ascii_identity
email,64,0064,ascii_identity
email,645F,0111,source_vietnamese
email,65,0065,ascii_identity
email,6527,00E9,source_vietnamese
email,655E,00EA,source_vietnamese
email,655E27,1EBF,source_vietnamese
email,655E60,1EC1,source_vietnamese
email,655E7B,1EC3,source_vietnamese
email,655E7D,1EC7,source_vietnamese
email,655E7E,1EC5,source_vietnamese
email,6560,00E8,source_vietnamese
email,657B,1EBB,source_vietnamese
email,657D,1EB9,source_vietnamese
email,657E,1EBD,source_vietnamese
email,66,0066,ascii_identity
email,67,0067,ascii_identity
email,68,0068,ascii_identity
email,69,0069,ascii_identity
email,6927,00ED,source_vietnamese
email,6960,00EC,source_vietnamese
email,697B,1EC9,source_vietnamese
email,697D,1ECB,source_vietnamese
email,697E,0129,source_vietnamese
email,6A,006A,ascii_identity
email,6B,006B,ascii_identity
email,6C,006C,ascii_identity
email,6D,006D,ascii_identity
email,6E,006E,ascii_identity
email,6F,006F,ascii_identity
email,6F27,00F3,source_vietnamese
email,6F2A,01A1,source_vietnamese
email,6F2A27,1EDB,source_vietnamese
email,6F2A60,1EDD,source_vietnamese
email,6F2A7B,1EDF,source_vietnamese
email,6F2A7D,1EE3,source_vietnamese
email,6F2A7E,1EE1,source_vietnamese
email,6F5E,00F4,source_vietnamese
email,6F5E27,1ED1,source_vietnamese
email,6F5E60,1ED3,source_vietnamese
email,6F5E7B,1ED5,source_vietnamese
email,6F5E7D,1ED9,source_vietnamese
email,6F5E7E,1ED7,source_vietnamese
email,6F60,00F2,source_vietnamese
email,6F7B,1ECF,source_vietnamese
email,6F7D,1ECD,source_vietnamese
email,6F7E,00F5,source_vietnamese
email,70,0070,ascii_identity
email,71,0071,ascii_identity
email,72,0072,ascii_identity
email,73,0073,ascii_identity
email,74,0074,ascii_identity
email,75,0075,ascii_identity
email,7527,00FA,source_vietnamese
email,752A,01B0,source_vietnamese
email,752A27,1EE9,source_vietnamese
email,752A60,1EEB,source_vietnamese
email,752A7B,1EED,source_vietnamese
email,752A7D,1EF1,source_vietnamese
email,752A7E,1EEF,source_vietnamese
email,7560,00F9,source_vietnamese
email,757B,1EE7,source_vietnamese
email,757D,1EE5,source_vietnamese
email,757E,0169,source_vietnamese
email,76,0076,ascii_identity
email,77,0077,ascii_identity
email,78,0078,ascii_identity
email,79,0079,ascii_identity
email,7927,00FD,source_vietnamese
email,7960,1EF3,source_vietnamese
email,797B,1EF7,source_vietnamese
email,797D,1EF5,source_vietnamese
email,797E,1EF9,source_vietnamese
email,7A,007A,ascii_identity
email,7B,007B,ascii_identity
email,7C,007C,ascii_identity
email,7D,007D,ascii_identity
email,7E,007E,ascii_identity
email,7F,007F,ascii_identity
